Rk;Player;Pos;Age;Tm;G;GS;MP;FG;FGA;FG%;3P;3PA;3P%;2P;2PA;2P%;eFG%;FT;FTA;FT%;ORB;DRB;TRB;AST;STL;BLK;TOV;PF;PTS
1;Precious Achiuwa;C;24;TOR;16;0;18.1;3.3;7;0.464;0.6;1.9;0.333;2.6;5.1;0.512;0.509;0.9;1.6;0.56;2.3;3.9;6.2;1.9;0.6;0.4;1.4;1.8;8
2;Bam Adebayo;C;26;MIA;16;16;33.6;8.3;15.8;0.522;0.1;0.2;0.333;8.2;15.6;0.524;0.524;5.7;7;0.813;2.1;7.9;9.9;3.9;1.2;1;2.4;2.4;22.3
3;Ochai Agbaji;SG;23;UTA;22;9;20.4;2.4;5.2;0.465;1.3;3.2;0.408;1.1;2;0.558;0.592;0.3;0.4;0.75;0.8;1.7;2.5;1;0.6;0.5;0.7;1.5;6.4
4;Santi Aldama;PF;23;MEM;15;4;26.9;5.1;11.7;0.438;1.7;5.3;0.313;3.5;6.4;0.542;0.509;1.2;1.9;0.621;1.7;4.6;6.3;2.3;0.7;0.7;1.1;1.7;13.1
5;Nickeil Alexander-Walker;SG;25;MIN;21;10;23.9;2.6;6.4;0.41;1.5;4.2;0.348;1.1;2.1;0.533;0.526;0.3;0.6;0.538;0.5;1.7;2.1;2.5;0.9;0.7;1.1;1.9;7
6;Grayson Allen;SG;28;PHO;19;19;33.1;4.1;8.5;0.481;2.3;4.9;0.468;1.8;3.6;0.5;0.617;1.8;2;0.895;0.7;3.8;4.5;2.9;0.7;0.4;1.5;2.3;12.3
7;Jarrett Allen;C;25;CLE;17;17;28.5;5.3;7.9;0.672;0;0;0;5.3;7.9;0.672;0.672;2.4;3.4;0.719;3.1;5.2;8.3;2.2;0.6;1;1.8;2.8;13
8;Jose Alvarado;PG;25;NOP;9;0;16.8;2.8;6.4;0.431;1.4;3.3;0.433;1.3;3.1;0.429;0.543;0.3;0.9;0.375;0.4;1.7;2.1;2.2;1.2;0.3;1;1.2;7.3
9;Kyle Anderson;PF;30;MIN;21;0;24;2.7;5.9;0.463;0.1;0.9;0.111;2.6;5;0.524;0.472;1.7;2.5;0.692;0.8;3;3.8;4;0.8;0.9;1.6;1.4;7.2
10;Giannis Antetokounmpo;PF;29;MIL;21;21;34.6;11.8;19.1;0.614;0.4;1.8;0.243;11.3;17.4;0.652;0.626;6.6;10;0.657;2.7;7.9;10.6;5;1.4;1.3;4;3.1;30.5
11;Thanasis Antetokounmpo;PF;31;MIL;8;0;5.9;0.5;1.1;0.444;0;0;0;0.5;1.1;0.444;0.444;0;0;0;0.4;0.3;0.6;0.5;0.3;0.1;0.5;0.9;1
12;Cole Anthony;PG;23;ORL;22;0;26;5.1;11.3;0.452;1.4;3.9;0.365;3.7;7.4;0.497;0.514;3.8;4.5;0.848;1.1;3.5;4.6;3.6;0.7;0.5;2;3;15.4
13;OG Anunoby;SF;26;TOR;18;18;32.5;5.5;11.9;0.46;2.5;6.4;0.388;3;5.5;0.545;0.565;1.3;2;0.667;1;3.3;4.3;2.4;1.1;0.7;1.7;2.4;14.8
14;Ryan Arcidiacono;PG;29;NYK;6;0;2.2;0;0.2;0;0;0.2;0;0;0;0;0;0;0;0;0;0.5;0.5;0.2;0.2;0;0;0;0
15;Deni Avdija;SF;23;WAS;21;21;26.9;4.9;9.2;0.526;1;2.9;0.35;3.9;6.4;0.604;0.58;1.5;1.8;0.816;1.2;4.3;5.5;3.9;0.9;0.4;1.4;2.2;12.2
16;Deandre Ayton;C;25;POR;18;18;31.9;6;10.2;0.587;0;0;0;6;10.2;0.587;0.587;0.9;1.2;0.81;3.1;7.7;10.8;1.6;1.2;0.7;1.9;2.6;12.9
17;Udoka Azubuike;C;24;PHO;2;0;4.5;0.5;0.5;1;0;0;0;0.5;0.5;1;1;0;0;0;0;2;2;0;0;0;0;0.5;1
18;Marvin Bagley III;C;24;DET;20;7;18.3;3.9;6.7;0.575;0.1;0.3;0.2;3.8;6.5;0.589;0.578;2.1;2.4;0.854;1.9;3;4.8;1.2;0.1;0.6;1.3;1.5;9.8
19;Amari Bailey;PG;19;CHO;1;0;3;1;3;0.333;0;0;0;1;3;0.333;0.333;0;0;0;2;0;2;0;0;0;0;0;2
20;Patrick Baldwin Jr.;SF;21;WAS;4;0;3.8;0;1.3;0;0;0.3;0;0;1;0;0;0;0;0;0.5;0.8;1.3;0.3;0;0.3;0;0.3;0
21;LaMelo Ball;PG;22;CHO;15;15;33.4;8.8;19.9;0.443;3.5;8.9;0.388;5.3;10.9;0.488;0.53;3.6;4.2;0.857;1.5;3.9;5.5;8.2;1.4;0.3;3.9;3.5;24.7
22;Mo Bamba;C;25;PHI;10;0;6.2;1.3;2.5;0.52;0.3;0.7;0.429;1;1.8;0.556;0.58;0.6;0.8;0.75;1.3;1.1;2.4;0.1;0.1;0.7;0.7;0.8;3.5
23;Paolo Banchero;PF;21;ORL;22;22;33.5;7.5;15.3;0.494;1.3;3.1;0.406;6.3;12.1;0.517;0.536;4.4;6.4;0.686;1.3;5.4;6.7;4.5;1;0.6;3;2.4;20.7
24;Desmond Bane;SG;25;MEM;21;21;34.2;9;19.3;0.466;3.3;8.7;0.385;5.7;10.7;0.531;0.552;3.3;3.8;0.863;0.9;3.5;4.4;5.1;1.3;0.8;2.8;3.1;24.6
25;Dalano Banton;PG;24;BOS;11;1;8.3;1.2;2.5;0.481;0.1;0.6;0.143;1.1;1.8;0.6;0.5;0.5;0.5;0.833;0.9;1.4;2.3;0.5;0.2;0.2;0.5;1.1;2.9
26;Dominick Barlow;PF;20;SAS;7;0;5;0.4;1;0.429;0;0;0;0.4;1;0.429;0.429;0.3;0.6;0.5;0;0.7;0.7;0;0.1;0;0;0.3;1.1
27;Harrison Barnes;PF;31;SAC;20;20;31.6;4;8.5;0.465;1.8;4.7;0.372;2.2;3.8;0.579;0.568;2.1;2.5;0.82;1;2.6;3.5;1.5;0.8;0.2;0.8;1.1;11.7
28;Scottie Barnes;SG;22;TOR;22;22;34.8;7.4;15.8;0.468;2;5.2;0.383;5.4;10.6;0.511;0.532;3;4;0.747;2.7;6.5;9.2;5.6;1.7;1.3;2.5;2;19.8
29;RJ Barrett;SG;23;NYK;16;16;29.6;6.5;15.2;0.428;1.9;5.1;0.383;4.6;10.1;0.451;0.492;4.2;4.9;0.848;0.7;3.2;3.9;2.6;0.5;0.2;1.9;1.4;19.1
30;Charles Bassey;C;23;SAS;19;0;10.8;1.5;2.1;0.725;0;0.1;0;1.5;2.1;0.744;0.725;0.3;0.3;0.833;1.2;2.8;4;1.1;0.4;0.9;0.8;1.6;3.3
31;Emoni Bates;SF;20;CLE;7;0;7.4;0.6;2.1;0.267;0.4;1.7;0.25;0.1;0.4;0.333;0.367;0.1;0.3;0.5;0.1;1.1;1.3;0.3;0.1;0.1;0.1;0.3;1.7
32;Keita Bates-Diop;SF;28;PHO;19;8;18.7;2;4.9;0.409;0.5;1.9;0.278;1.5;3;0.491;0.462;1.2;1.7;0.719;1.1;2.3;3.3;0.9;0.6;0.8;0.2;1;5.7
33;Nicolas Batum;PF;35;TOT;15;9;24.6;2.1;3.7;0.571;1.5;3;0.511;0.6;0.7;0.818;0.777;0.5;0.7;0.636;1;2.9;3.9;2;0.6;0.7;0.5;2;6.3
33;Nicolas Batum;PF;35;LAC;3;0;18;1;2.7;0.375;0.7;2.3;0.286;0.3;0.3;1;0.5;0;0;0;0;2.3;2.3;1.7;1;1.3;0.3;1.7;2.7
33;Nicolas Batum;PF;35;PHI;12;9;26.3;2.4;4;0.604;1.8;3.2;0.553;0.7;0.8;0.8;0.823;0.6;0.9;0.636;1.3;3;4.3;2.1;0.5;0.6;0.5;2.1;7.2
34;Bradley Beal;SG;30;PHO;3;3;28.7;6;15.3;0.391;1.7;5;0.333;4.3;10.3;0.419;0.446;3.7;5.3;0.688;1;4.3;5.3;3.7;0.7;0.3;3;3;17.3
35;Malik Beasley;SG;27;MIL;22;22;29.6;4.3;9;0.477;3;6.5;0.455;1.3;2.5;0.537;0.642;0.4;0.5;0.667;0.6;3.8;4.4;1.4;0.9;0.1;0.7;2;11.9
36;MarJon Beauchamp;SF;23;MIL;18;0;16.3;2;4.3;0.468;0.9;2;0.444;1.1;2.3;0.488;0.571;0.5;0.9;0.563;0.7;1.8;2.6;0.9;0.3;0.2;0.6;1.7;5.4
37;Jules Bernard;SG;24;WAS;1;0;4;0;1;0;0;1;0;0;0;0;0;0;0;0;0;0;0;1;0;0;0;0;0
38;D?vis Bert?ns;PF;31;OKC;7;0;8.1;0.9;2.3;0.375;0.9;2.1;0.4;0;0.1;0;0.563;2;2.1;0.933;0;0.7;0.7;0.7;0.3;0.1;0;1.1;4.6
39;Patrick Beverley;PG;35;PHI;21;1;18.3;1.7;4;0.424;0.6;2.1;0.273;1.1;2;0.585;0.494;0.6;0.8;0.706;0.9;2.2;3.1;2.5;0.5;0.3;0.8;1.9;4.6
40;Saddiq Bey;SF;24;ATL;21;9;30;4.7;9.6;0.493;1.9;4.8;0.4;2.8;4.8;0.584;0.592;1.6;2;0.81;2.2;3.8;6;1.2;1;0.1;1.2;1.6;13
41;Goga Bitadze;C;24;ORL;20;17;20.6;2.7;4.7;0.574;0.1;0.3;0.2;2.7;4.5;0.596;0.58;1.5;2.1;0.714;2.1;3.9;6;1.9;0.7;1.6;0.7;2.4;7
42;Onuralp Bitim;SG;24;CHI;1;0;3;0;0;0;0;0;0;0;0;0;0;0;0;0;0;0;0;0;0;0;0;0;0
43;Bismack Biyombo;C;31;MEM;16;15;25.1;2.5;4.4;0.571;0;0;0;2.5;4.4;0.571;0.571;1.1;1.9;0.6;2.5;4.5;7;2.1;0.4;1.3;1.2;2.9;6.1
44;Anthony Black;PG;20;ORL;20;16;19.2;2;3.9;0.506;0.4;1.3;0.28;1.6;2.6;0.615;0.552;0.8;1.3;0.64;0.6;1.8;2.3;1.5;0.3;0.4;1;2.1;5.1
45;Leaky Black;SF;24;CHO;4;0;4.3;0.5;1.3;0.4;0.3;0.5;0.5;0.3;0.8;0.333;0.5;0;0;0;0;0.5;0.5;0.3;0.3;0.5;0;0.3;1.3
46;Bogdan Bogdanovi?;SG;31;ATL;21;2;27.2;5.9;13;0.452;3.1;8;0.385;2.8;4.9;0.563;0.572;1.3;1.4;0.933;0.4;3;3.4;2.2;1.4;0.3;1.3;2.5;16.1
47;Bojan Bogdanovi?;PF;34;DET;3;2;29.3;6.3;13.3;0.475;2.7;7;0.381;3.7;6.3;0.579;0.575;2.3;3;0.778;0.3;2.7;3;3.3;1.7;0;1.7;0.7;17.7
48;Bol Bol;PF;24;PHO;4;0;2;0.3;0.3;1;0;0;0;0.3;0.3;1;1;0;0;0;0;0.3;0.3;0;0;0.3;0.5;0;0.5
49;Marques Bolden;C;25;MIL;1;0;3;0;0;0;0;0;0;0;0;0;0;0;0;0;0;2;2;0;0;0;0;1;0
50;Devin Booker;SG;27;PHO;13;13;34.6;8.9;18.6;0.479;2;4.7;0.426;6.9;13.9;0.497;0.533;7.5;8.2;0.916;1;5.3;6.3;8.1;0.8;0.5;3.2;3.2;27.4
51;Chris Boucher;PF;31;TOR;20;0;14.6;2.2;4.9;0.454;0.7;1.9;0.378;1.5;3;0.5;0.526;1.6;2;0.821;1.3;2.7;3.9;0.4;0.4;0.5;0.5;1.8;6.7
52;James Bouknight;SG;23;CHO;1;0;5;2;3;0.667;1;2;0.5;1;1;1;0.833;0;0;0;1;0;1;0;0;0;0;0;5
53;Jamaree Bouyea;PG;24;POR;6;0;9.5;0.8;3.5;0.238;0;1.3;0;0.8;2.2;0.385;0.238;0;0;0;0.3;1.3;1.7;1.3;0;0;1.3;0.5;1.7
54;Malaki Branham;SG;20;SAS;21;9;20.3;3.2;7.8;0.417;1;3.2;0.299;2.3;4.6;0.5;0.479;0.5;0.5;0.909;0.3;1;1.3;2;0.4;0.1;1;1.4;7.9
55;Christian Braun;SG;22;DEN;23;0;20.3;3.4;7.1;0.476;0.6;1.6;0.378;2.8;5.5;0.504;0.518;1.2;1.6;0.73;0.9;3.2;4.1;1.9;0.4;0.3;0.7;1.7;8.6
56;Mikal Bridges;SF;27;BRK;21;21;34.8;8.5;17.2;0.493;2.1;5.7;0.378;6.3;11.5;0.55;0.555;4.1;4.8;0.86;1.1;5;6;4;1;0.6;2.4;1.7;23.2
57;Miles Bridges;SF;25;CHO;10;8;36.8;7.4;14.8;0.5;2.1;5;0.42;5.3;9.8;0.541;0.571;3.3;3.9;0.846;0.9;6.3;7.2;2.7;1.5;0.3;1.5;2;20.2
58;Oshae Brissett;SF;25;BOS;9;0;10;0.3;1.9;0.176;0.1;1;0.111;0.2;0.9;0.25;0.206;0.8;1.3;0.583;0.9;1.4;2.3;0.3;0.4;0;0.2;1;1.6
59;Malcolm Brogdon;PG;31;POR;15;10;28.1;6.1;14.7;0.412;2;5.3;0.38;4.1;9.5;0.43;0.48;2.9;3.6;0.796;1;3;4;6.1;0.9;0.2;1.8;1.3;17
60;Armoni Brooks;PG;25;BRK;5;0;9;1.2;3.4;0.353;1;2.6;0.385;0.2;0.8;0.25;0.5;0;0;0;0.4;1.6;2;0;0;0;0.2;0.2;3.4
61;Dillon Brooks;SF;28;HOU;19;19;31.3;5.1;10.4;0.485;1.9;4.5;0.424;3.2;5.9;0.531;0.576;1.9;2.3;0.837;0.8;2.7;3.5;1.7;1;0.1;1.9;4;13.9
62;Bruce Brown;SG;27;IND;20;20;31.8;4.6;9.7;0.472;1.3;3.7;0.356;3.3;6;0.542;0.539;2.2;2.6;0.843;0.5;3.9;4.4;2.8;1.2;0.3;1.2;2.4;12.6
63;Charlie Brown Jr.;SG;26;NYK;1;0;2;0;1;0;0;1;0;0;0;0;0;0;0;0;0;0;0;0;0;0;2;0;0
64;Jaylen Brown;SF;27;BOS;20;20;34;8.5;18.4;0.462;2.4;6.9;0.341;6.2;11.5;0.535;0.526;2.6;3.7;0.703;0.6;4.3;4.9;3.3;1.2;0.7;2.5;3.1;22
65;Kobe Brown;PF;24;LAC;12;0;9.6;0.8;2.3;0.321;0.4;1.5;0.278;0.3;0.8;0.4;0.411;0.1;0.2;0.5;0.4;1.4;1.8;0.6;0.1;0.2;0.1;1.8;2
66;Moses Brown;C;24;POR;3;0;4.7;1;1.7;0.6;0;0;0;1;1.7;0.6;0.6;0;0.7;0;1.3;0.3;1.7;0.3;0.3;0.3;0;0.3;2
67;Troy Brown Jr.;SF;24;MIN;17;2;15.4;1.9;4.1;0.464;1.1;2.7;0.391;0.8;1.4;0.609;0.594;1;1.2;0.85;0.7;2.1;2.8;0.9;0.4;0.1;0.5;0.9;5.8
68;Jalen Brunson;PG;27;NYK;21;21;35.4;8.9;19.1;0.466;3;6.8;0.441;5.9;12.3;0.481;0.545;4;5;0.808;0.6;3;3.6;5.5;1;0;2;2.1;24.8
69;Thomas Bryant;C;26;MIA;13;3;12.9;2.1;4.2;0.5;0;0.2;0;2.1;3.9;0.529;0.5;0.9;1.2;0.8;1;2.8;3.8;0.6;0.5;0.3;0.9;1.3;5.1
70;Kobe Bufkin;SG;20;ATL;2;0;2;0;1.5;0;0;0.5;0;0;1;0;0;0.5;1;0.5;0.5;0.5;1;0;0;0;0;0;0.5
71;Reggie Bullock;SF;32;HOU;9;0;9.1;0.6;1.7;0.333;0.4;1.4;0.308;0.1;0.2;0.5;0.467;0.1;0.1;1;0.2;1.2;1.4;0.3;0.1;0.1;0.2;0.8;1.7
72;Alec Burks;SG;32;DET;15;0;19.2;2.9;8.2;0.35;1.9;5.3;0.367;0.9;2.9;0.318;0.467;2.8;3.2;0.875;0.5;1.9;2.4;1.8;0.3;0.3;0.5;1.5;10.5
73;Jared Butler;SG;23;WAS;9;0;7;0.9;2.4;0.364;0.3;1.3;0.25;0.6;1.1;0.5;0.432;0.7;0.8;0.857;0;0.8;0.8;1.4;0.4;0.1;0.8;1.2;2.8
74;Jimmy Butler;PF;34;MIA;18;18;34.1;6.8;14.9;0.459;1;2.6;0.391;5.8;12.3;0.473;0.493;7.2;8.2;0.884;2;3.2;5.2;4.1;1.2;0.4;1.7;0.9;21.9
75;Jamal Cain;PF;24;MIA;6;0;12.7;1.3;2.8;0.471;0.3;1.5;0.222;1;1.3;0.75;0.529;0.3;0.8;0.4;0.5;1;1.5;0;0.7;0;0.3;0.8;3.3
76;Kentavious Caldwell-Pope;SG;30;DEN;23;23;33.9;3.8;8.3;0.458;1.6;3.8;0.414;2.3;4.6;0.495;0.552;1.7;1.9;0.93;0.4;1.5;1.9;2.7;1.6;0.4;1.2;2;11
77;Toumani Camara;PF;23;POR;21;12;25.3;2.5;6.6;0.374;0.8;3;0.25;1.7;3.6;0.48;0.432;1;1.3;0.741;2.1;2.6;4.7;1;0.9;0.6;1.1;2.8;6.7
78;Clint Capela;C;29;ATL;21;21;25;4.6;8.1;0.567;0;0;0;4.6;8.1;0.567;0.567;1.5;2.5;0.615;4.8;5.7;10.5;1.1;0.7;1.7;0.9;2.5;10.8
79;Jevon Carter;PG;28;CHI;23;0;14.1;2;5.2;0.387;1.1;3.2;0.356;0.9;2;0.435;0.496;0;0;0;0.1;0.4;0.5;1.3;0.5;0.3;0.7;1.1;5.1
80;Wendell Carter Jr.;C;24;ORL;5;5;29.4;3.4;9;0.378;1;3.2;0.313;2.4;5.8;0.414;0.433;1.6;2.8;0.571;2.2;6.4;8.6;1.6;0.6;0.4;1.6;2.8;9.4
81;Alex Caruso;SG;29;CHI;20;9;23.5;3.4;6.3;0.536;1.6;3.5;0.464;1.8;2.8;0.625;0.664;1.2;1.6;0.774;1.3;2.2;3.4;2.3;1.3;0.8;1.4;2.3;9.5
82;Colin Castleton;C;23;LAL;3;0;7.7;0.7;1.7;0.4;0;0;0;0.7;1.7;0.4;0.4;0.7;0.7;1;1;1;2;0.7;0;0;0;1.7;2
83;Malcolm Cazalon;SG;22;DET;1;0;3;0;0;0;0;0;0;0;0;0;0;0;0;0;0;0;0;0;0;0;0;0;0
84;Julian Champagnie;SF;22;SAS;14;5;14.6;1.9;5.3;0.365;1.4;3.8;0.377;0.5;1.5;0.333;0.5;0.6;0.8;0.727;0.4;1.4;1.8;0.9;0.4;0.7;0.9;1;5.9
85;Max Christie;SG;20;LAL;18;5;17.6;1.9;4.6;0.415;0.7;2.1;0.316;1.2;2.4;0.5;0.488;0.6;0.8;0.714;0.2;2.6;2.7;1;0.4;0.2;0.7;1.6;5
86;Sidy Cissoko;SF;19;SAS;1;0;4;0;0;0;0;0;0;0;0;0;0;0;0;0;0;0;0;0;0;0;1;0;0
87;Jordan Clarkson;SG;31;UTA;18;18;31.3;6.2;15.3;0.407;1.7;5.6;0.307;4.5;9.7;0.466;0.464;2.9;3.6;0.828;1.2;2.1;3.3;4.9;0.8;0.1;3.1;1.4;17.1
88;Nic Claxton;C;24;BRK;12;12;27.2;5.3;8.1;0.66;0;0;0;5.3;8.1;0.66;0.66;1.3;2.3;0.571;3.4;5.9;9.3;1.6;0.6;2.4;0.8;2.4;12
89;Noah Clowney;PF;19;BRK;1;0;3;0;0;0;0;0;0;0;0;0;0;0;0;0;0;1;1;0;0;0;0;0;0
90;Amir Coffey;SF;26;LAC;10;0;5.8;0.4;1.2;0.333;0;0.3;0;0.4;0.9;0.444;0.333;0.4;0.4;1;0.2;0.5;0.7;0.3;0.1;0;0.2;0.5;1.2
91;John Collins;PF;26;UTA;22;22;31;5.5;11.4;0.482;1.4;3.7;0.383;4.1;7.7;0.529;0.544;2;2.7;0.75;2.7;5.9;8.6;0.9;0.6;1;1.4;2.8;14.5
92;Zach Collins;C;26;SAS;21;20;28.8;5.1;10.7;0.482;1.1;4;0.271;4;6.6;0.612;0.533;2.3;2.9;0.8;2.1;4.1;6.2;3.9;0.7;0.7;2.7;3.4;13.7
93;Mike Conley;PG;36;MIN;21;21;29.8;3.7;8.4;0.441;2.2;5.2;0.418;1.5;3.2;0.478;0.571;1.5;1.6;0.97;0.4;2.6;3;6.1;1;0.1;1;1.9;11.1
94;Pat Connaughton;SF;31;MIL;18;0;23.1;2.1;5;0.422;1.1;3.3;0.339;1;1.7;0.581;0.533;0.4;0.7;0.667;0.7;2.8;3.5;2;0.5;0.2;0.8;1.1;5.8
95;Bilal Coulibaly;SF;19;WAS;20;1;26.4;3.3;6.2;0.532;1.1;2.7;0.415;2.2;3.6;0.62;0.621;1;1.5;0.655;0.6;3.4;4;1.7;1.1;0.7;1.5;1.9;8.7
96;Robert Covington;SF-PF;33;TOT;20;6;18;1.7;3.9;0.442;0.9;2.3;0.37;0.9;1.6;0.548;0.552;0.9;1.1;0.857;1.3;2.2;3.5;0.9;1.5;0.8;0.4;2;5.2
96;Robert Covington;PF;33;LAC;3;3;23;1;3;0.333;0.7;2.7;0.25;0.3;0.3;1;0.444;0.3;0.7;0.5;0.7;2;2.7;2.3;2;0.7;0;2.3;3
96;Robert Covington;SF;33;PHI;17;3;17.1;1.8;4;0.456;0.9;2.2;0.395;0.9;1.8;0.533;0.566;1;1.1;0.895;1.4;2.2;3.6;0.6;1.4;0.8;0.4;1.9;5.5
97;Torrey Craig;SF;33;CHI;23;7;21.2;2.1;4.9;0.438;1;2.7;0.393;1.1;2.2;0.49;0.545;0.6;0.7;0.867;1.9;3.1;5;1.1;0.7;0.4;0.6;2.4;5.9
98;Jae Crowder;PF;33;MIL;9;2;26.7;2.8;5.2;0.532;1.8;3.4;0.516;1;1.8;0.563;0.702;0.8;1.3;0.583;0.4;3.4;3.9;1.7;0.8;0.3;0.4;1.6;8.1
99;Cade Cunningham;PG;22;DET;22;22;34.9;8.1;19.4;0.42;2;6;0.344;6.1;13.4;0.454;0.473;3.7;4.1;0.89;0.5;3.3;3.8;7.3;1;0.2;4.3;2.7;22
100;Seth Curry;SG;33;DAL;17;1;11.6;1.6;4.1;0.4;0.9;2.3;0.385;0.8;1.8;0.419;0.507;0.4;0.5;0.875;0.5;0.9;1.4;0.9;0.6;0.1;0.3;0.8;4.6
101;Stephen Curry;PG;35;GSW;20;20;33.8;9;18.8;0.476;5.1;11.8;0.432;3.9;7;0.55;0.612;6.4;6.9;0.934;0.7;4.4;5.1;4.4;0.7;0.2;3.6;1.7;29.4
102;Dyson Daniels;PG;20;NOP;23;12;25.1;2.7;6.8;0.404;0.7;2.9;0.242;2;3.9;0.522;0.455;0.7;1.1;0.654;1.1;3.7;4.7;3.1;1.5;0.4;1.3;2;6.9
103;Anthony Davis;C;30;LAL;22;22;35;8.5;16;0.533;0.1;0.6;0.231;8.4;15.4;0.544;0.537;5.6;6.7;0.837;3.6;9;12.7;3.2;1;2.7;2;2.7;22.7
104;Johnny Davis;SG;21;WAS;14;0;9.1;1.4;2.9;0.475;0.1;0.2;0.333;1.3;2.6;0.486;0.488;0.3;0.4;0.8;0.6;0.8;1.4;0.4;0.5;0.1;0.4;0.7;3.1
105;Dexter Dennis;SG;24;DAL;2;0;3.5;1;3;0.333;0;1.5;0;1;1.5;0.667;0.333;0;0.5;0;0.5;0.5;1;0;0;0;0;0;2
106;DeMar DeRozan;SF;34;CHI;21;21;35.6;7.6;17.2;0.442;0.9;2.5;0.358;6.7;14.7;0.456;0.468;5.6;7;0.803;0.9;2.7;3.6;5;1;0.8;1.3;2;21.8
107;Moussa Diabaté;C;22;LAC;9;0;6.1;1;2;0.5;0;0;0;1;2;0.5;0.5;1;1.3;0.75;1.6;0.6;2.1;0.4;0.4;0;0.2;0.4;3
108;Gradey Dick;SG;20;TOR;15;1;14.7;1.1;4.2;0.27;0.7;2.7;0.244;0.5;1.5;0.318;0.349;0.9;0.9;1;0.5;1;1.5;1;0.3;0;0.8;1.5;3.9
109;Ousmane Dieng;PF;20;OKC;12;0;10.2;1.1;3.1;0.351;0.6;2.2;0.269;0.5;0.9;0.545;0.446;0.3;0.3;0.75;0.5;1.3;1.8;0.9;0.1;0;0.3;0.6;3
110;Spencer Dinwiddie;PG;30;BRK;20;20;31.4;4.7;11.9;0.397;2.2;6.5;0.338;2.5;5.4;0.467;0.489;3;3.8;0.8;0.5;3.4;3.9;6.3;0.8;0.2;1.7;1.6;14.6
111;Donte DiVincenzo;SG;27;NYK;21;3;20.4;3;7.2;0.421;2.2;5.1;0.426;0.9;2.1;0.409;0.572;0.6;0.9;0.684;0.7;2.1;2.8;1.7;0.9;0.3;1;1.4;8.9
112;Luka Don?i?;PG;24;DAL;20;20;35.9;11;22.5;0.488;3.9;10.2;0.382;7.1;12.3;0.576;0.575;6.1;7.9;0.766;0.7;7.7;8.4;8.7;1.3;0.5;3.9;1.8;31.9
113;Luguentz Dort;SF;24;OKC;21;21;28.2;3.3;7.8;0.429;1.6;4.1;0.379;1.8;3.6;0.487;0.531;2;2.5;0.827;1.3;2.8;4.1;1.2;0.9;0.8;1;3;10.3
114;Ayo Dosunmu;SG;24;CHI;21;1;18.2;2.5;5;0.491;0.8;2.3;0.354;1.7;2.8;0.603;0.571;0.7;0.9;0.778;0.4;1.3;1.7;1.8;0.7;0.1;0.8;1.6;6.4
115;Andre Drummond;C;30;CHI;23;0;13.2;2.3;4.6;0.509;0;0;0;2.3;4.6;0.514;0.509;1.2;2.2;0.56;2.8;3.8;6.7;0.6;1;0.3;1.1;1.7;5.9
116;Chris Duarte;SF;26;SAC;18;5;14.3;1.6;3.9;0.394;0.8;2.3;0.333;0.8;1.6;0.483;0.493;0.6;0.8;0.714;0.2;1.7;1.9;0.9;0.7;0.1;0.6;2.6;4.4
117;Kris Dunn;PG;29;UTA;14;1;10.9;1.6;3.7;0.423;0.4;0.9;0.385;1.2;2.8;0.436;0.471;0.4;0.7;0.6;0.4;1.6;1.9;1.9;0.5;0.1;1.1;1.4;3.9
118;Kevin Durant;PF;35;PHO;19;19;36.7;10.6;20.4;0.521;2.3;4.6;0.5;8.3;15.8;0.527;0.577;7.4;8.3;0.892;0.3;6.2;6.5;5.7;0.7;1.2;3.6;1.9;31
119;Jalen Duren;C;20;DET;14;13;28.9;5.7;9.1;0.63;0;0.1;0;5.7;8.9;0.64;0.63;1.1;2;0.571;3.4;7.6;10.9;2.5;0.6;1.4;2.7;3.4;12.6
120;Tari Eason;PF;22;HOU;12;0;18.2;2.5;5.8;0.429;0.7;1.8;0.364;1.8;4;0.458;0.486;0.9;1.4;0.647;1.6;4.5;6.1;1.3;0.4;1.2;0.7;1.9;6.6
121;Anthony Edwards;SG;22;MIN;19;19;33.5;8.5;18.7;0.452;2.4;6.3;0.378;6.1;12.5;0.489;0.515;5.1;5.8;0.865;0.7;4.9;5.6;4.8;1.2;0.5;3.1;1.8;24.4
122;Kessler Edwards;SF;23;SAC;15;0;6.1;0.4;1.4;0.286;0.3;0.9;0.286;0.1;0.5;0.286;0.381;0.1;0.1;0.5;0.2;0.8;1;0.3;0.1;0.1;0.1;0.6;1.1
123;Keon Ellis;SG;24;SAC;13;2;11.4;1.2;2.8;0.432;0.7;2.2;0.31;0.5;0.6;0.875;0.554;0.6;1;0.615;0.3;1.1;1.4;0.8;0.5;0.3;0.6;1.2;3.8
124;Joel Embiid;C;29;PHI;18;18;34.8;10.9;21.3;0.51;1.1;3.3;0.322;9.8;18.1;0.545;0.535;10.5;12;0.875;3.4;8.1;11.5;6.4;1;1.9;3.7;2.8;33.3
125;Drew Eubanks;C;26;PHO;21;0;17.8;2.7;4.6;0.588;0.1;0.1;1;2.6;4.5;0.579;0.598;1.2;1.4;0.833;1.5;3;4.5;1.4;0.2;1;1.1;2.1;6.7
126;Dante Exum;PG;28;DAL;18;2;12.7;2.4;4.8;0.494;0.4;1.3;0.292;2;3.5;0.571;0.534;0.7;1.1;0.632;0.6;2.1;2.7;2.1;0.4;0.1;0.3;1.1;5.8
127;Bruno Fernando;C;25;ATL;5;0;3.2;0.6;1.8;0.333;0;0.2;0;0.6;1.6;0.375;0.333;0.2;0.2;1;0.6;0.2;0.8;0;0;0;0.8;0.6;1.4
128;Dorian Finney-Smith;PF;30;BRK;20;17;31.1;4.1;8.7;0.471;2.7;5.9;0.449;1.5;2.8;0.518;0.624;0.2;0.3;0.667;2.1;3.3;5.4;1.3;0.6;0.7;0.9;2.3;11.1
129;Malachi Flynn;PG;25;TOR;22;0;16.1;1.9;4.5;0.42;0.9;2.6;0.328;1;1.9;0.548;0.515;0.6;0.8;0.778;0.4;1.5;1.9;2.2;0.7;0.2;0.9;1.3;5.3
130;Simone Fontecchio;SF;28;UTA;20;7;18.8;2.6;6.1;0.426;1.6;4.3;0.376;1;1.9;0.541;0.557;0.5;0.6;0.75;0.7;1.8;2.5;1.2;0.4;0.4;1.1;1.5;7.3
131;Jordan Ford;PG;25;SAC;5;0;2.8;0.4;1;0.4;0.2;0.4;0.5;0.2;0.6;0.333;0.5;0.4;0.4;1;0;0.2;0.2;0.2;0;0;0;0;1.4
132;Trent Forrest;SG;25;ATL;5;0;8.6;0.6;1.8;0.333;0;0;0;0.6;1.8;0.333;0.333;0.8;0.8;1;0.4;0;0.4;1.6;0;0;0.4;0.8;2
133;Evan Fournier;SG;31;NYK;1;0;16;1;6;0.167;0;4;0;1;2;0.5;0.167;0;0;0;0;1;1;1;1;0;0;2;2
134;De'Aaron Fox;PG;26;SAC;15;15;36.5;10.7;22.5;0.478;3;8.1;0.369;7.7;14.3;0.54;0.545;6.1;8.3;0.734;1.1;3.6;4.7;6.5;1.5;0.3;2.3;2.7;30.5
135;Alex Fudge;SF;20;LAL;4;0;3.5;0.3;1.5;0.167;0;0.5;0;0.3;1;0.25;0.167;0.5;0.5;1;0.5;0;0.5;0;0;0;0.3;0.3;1
136;Markelle Fultz;PG;25;ORL;5;5;28.6;5.4;11.2;0.482;0;0.6;0;5.4;10.6;0.509;0.482;0.6;0.8;0.75;1.6;1.8;3.4;4;1.2;0.4;1.2;1.2;11.4
137;Daniel Gafford;C;25;WAS;19;19;24.8;4.2;6.1;0.69;0;0;0;4.2;6.1;0.69;0.69;1.5;2.3;0.651;2.6;4.6;7.2;1.7;0.6;2.1;1.1;3.4;9.9
138;Danilo Gallinari;PF;35;WAS;19;0;15.9;2.6;5.8;0.45;0.8;2.7;0.308;1.8;3.1;0.576;0.523;1.6;2;0.816;0.5;2.7;3.3;1.5;0.3;0.2;0.4;1.2;7.7
139;Darius Garland;PG;24;CLE;17;17;33.4;7.1;15.1;0.473;1.5;4.7;0.325;5.6;10.4;0.54;0.523;3.8;4.6;0.823;0.6;2.1;2.6;6.1;1.6;0.2;3.9;1.6;19.6
140;Luka Garza;C;25;MIN;5;0;3.2;0.8;2.2;0.364;0;0.4;0;0.8;1.8;0.444;0.364;1;1.6;0.625;0.6;0.6;1.2;0.2;0;0;0.2;0.8;2.6
141;Kaiser Gates;SF;27;NOP;1;0;7;0;4;0;0;2;0;0;2;0;0;0;0;0;0;1;1;0;0;0;0;0;0
142;Keyonte George;PG;20;UTA;22;14;26.4;3.3;9.6;0.344;1.5;5.1;0.304;1.8;4.5;0.39;0.425;2.4;3.1;0.765;0.5;2.6;3.1;5.1;0.5;0.1;2.3;1.1;10.5
143;Paul George;PF;33;LAC;21;21;35.8;8;18;0.447;3.2;8.3;0.391;4.8;9.7;0.495;0.537;4;4.4;0.924;0.6;5.2;5.8;4;1.8;0.2;2.3;2.9;23.4
144;Josh Giddey;SG;21;OKC;21;21;26.1;5;11.9;0.416;0.8;2.5;0.302;4.2;9.4;0.447;0.448;1;1.3;0.778;1.5;4.3;5.8;4.2;0.9;0.4;2.5;1.4;11.7
145;Harry Giles;C;25;BRK;3;0;5.7;3;4;0.75;0.3;1;0.333;2.7;3;0.889;0.792;0.3;1;0.333;0.7;0.7;1.3;0;0;0.3;0.3;0.7;6.7
146;Shai Gilgeous-Alexander;PG;25;OKC;20;20;35.1;11.2;20.6;0.544;1.2;3.3;0.348;10.1;17.3;0.581;0.572;6.9;7.6;0.914;0.9;4.7;5.6;6.2;2.8;0.9;2.1;2.6;30.5
147;Anthony Gill;PF;31;WAS;12;0;6;0.9;2;0.458;0;0.3;0;0.9;1.7;0.55;0.458;0.8;1;0.833;0.6;0.8;1.3;0.4;0.3;0.3;0.6;0.5;2.7
148;Collin Gillespie;PG;24;DEN;10;0;8.1;0.8;1.9;0.421;0.3;1.2;0.25;0.5;0.7;0.714;0.5;0.1;0.1;1;0;0.3;0.3;0.8;0.5;0;0.4;0.9;2
149;Jacob Gilyard;PG;25;MEM;16;7;14.8;1.2;2.8;0.422;1;2.5;0.4;0.2;0.3;0.6;0.6;0.1;0.1;1;0.4;0.8;1.1;2.8;0.6;0.1;0.5;1;3.4
150;Rudy Gobert;C;31;MIN;21;21;32.8;5.1;8.2;0.618;0;0;0;5.1;8.2;0.618;0.618;3.3;5.2;0.636;4;8.5;12.4;1.1;0.6;2.5;1.6;2.9;13.5
151;Jordan Goodwin;PG;25;PHO;22;0;17.1;2.4;5.9;0.4;1;2.7;0.35;1.4;3.2;0.443;0.481;0.7;0.8;0.833;1.2;2.7;3.9;2.2;0.7;0.3;0.8;1.2;6.4
152;Aaron Gordon;PF;28;DEN;19;19;33.1;5.3;10.9;0.486;0.5;2.2;0.22;4.8;8.8;0.551;0.507;1.4;2.9;0.491;2.6;4.5;7.1;3.6;1.1;0.8;1.6;1.8;12.5
153;Eric Gordon;SG;35;PHO;20;16;32.1;5.6;11.8;0.472;2.8;6.9;0.409;2.8;4.9;0.561;0.591;0.7;0.8;0.813;0.4;1.8;2.1;3;1.1;0.6;1.6;1.6;14.6
154;Devonte' Graham;PG;28;SAS;3;0;12;0.7;2.3;0.286;0;1.3;0;0.7;1;0.667;0.286;1.3;1.7;0.8;0.3;0.3;0.7;3.7;0.7;0.3;0.7;0.7;2.7
155;Jerami Grant;PF;29;POR;19;19;34.9;7.3;16.7;0.437;2.6;6.3;0.412;4.7;10.5;0.452;0.514;4.9;5.9;0.83;0.7;3.2;3.8;2.2;0.8;0.9;2.5;2.2;22.1
156;A.J. Green;SG;24;MIL;14;0;7.9;1;2.5;0.4;0.8;2.1;0.367;0.2;0.4;0.6;0.557;0.1;0.1;1;0.1;0.5;0.6;0.6;0;0;0;0.6;2.9
157;Danny Green;SG;36;PHI;2;0;9;0;1;0;0;0.5;0;0;0.5;0;0;0;0;0;0;1;1;0.5;0.5;0;0;0.5;0
158;Draymond Green;PF;33;GSW;14;14;25.7;3.6;7.2;0.495;1.3;2.9;0.45;2.3;4.4;0.525;0.584;1.8;2.1;0.833;1.6;4.2;5.8;6.1;0.4;0.8;2.4;3;10.2
159;Jalen Green;SG;21;HOU;19;19;31.7;6.4;15.1;0.427;2.1;6.2;0.339;4.3;8.8;0.488;0.497;4.2;5.3;0.79;0.4;4.3;4.6;3.1;0.5;0.4;2.4;1.5;19.1
160;Jeff Green;PF;37;HOU;18;0;15.2;1.9;3.6;0.531;0.4;1.2;0.318;1.5;2.3;0.643;0.586;1.7;2.2;0.775;0.8;1.5;2.3;0.6;0.2;0.4;0.6;1.2;5.9
161;Josh Green;SG;23;DAL;18;5;25.2;2.6;6.1;0.422;1.3;3.5;0.365;1.3;2.6;0.5;0.528;0.5;0.9;0.529;0.6;2.3;2.9;2.4;0.9;0.2;0.9;1.7;6.9
162;AJ Griffin;SF;20;ATL;11;0;9.2;0.9;3;0.303;0.7;2.2;0.333;0.2;0.8;0.222;0.424;0.2;0.2;1;0.2;0.7;0.9;0.3;0.1;0;0.4;0.5;2.7
163;Quentin Grimes;SG;23;NYK;19;18;22.7;2.2;5.9;0.372;1.7;4.8;0.352;0.5;1.2;0.455;0.513;0.1;0.2;0.667;0.2;1.1;1.3;1.2;0.7;0;0.6;1.8;6.2
164;Mouhamed Gueye;PF;21;ATL;2;0;2;0;0.5;0;0;0.5;0;0;0;0;0;0;0;0;0;0;0;0;0.5;0;0;0.5;0
165;Rui Hachimura;PF;25;LAL;14;1;23;4.3;8.6;0.5;1.2;3;0.405;3.1;5.6;0.551;0.571;1.6;2.1;0.767;0.9;2.6;3.5;1.1;0.8;0.2;0.9;1.6;11.4
166;Tyrese Haliburton;PG;23;IND;18;18;34.4;9.4;17.9;0.525;3.9;8.9;0.441;5.4;8.9;0.609;0.635;4.2;4.8;0.884;0.7;3.4;4.2;12.1;1;0.7;2.2;1.1;26.9
167;R.J. Hampton;PG;22;MIA;1;0;2;0;1;0;0;0;0;0;1;0;0;0;0;0;0;0;0;0;0;0;0;0;0
168;Tim Hardaway Jr.;SF;31;DAL;19;0;27.7;5.7;13.5;0.424;3.5;9.1;0.384;2.3;4.5;0.506;0.553;2;2.3;0.884;0.4;3.1;3.4;1.5;0.2;0;0.8;1.1;16.9
169;James Harden;SG;34;LAC;16;16;33.6;4.7;10.2;0.46;2.4;5.9;0.404;2.3;4.3;0.536;0.577;4;4.7;0.853;0.3;4.1;4.4;6.8;1.6;0.5;2.3;1.9;15.8
170;Jaden Hardy;SG;21;DAL;17;0;11.2;2.2;5.8;0.388;0.8;2.6;0.289;1.5;3.1;0.472;0.454;1.1;1.6;0.667;0.5;1.3;1.8;1.4;0.3;0;0.8;1.1;6.3
171;Ron Harper Jr.;PF;23;TOR;1;0;4;0;0;0;0;0;0;0;0;0;0;0;0;0;0;0;0;1;0;0;0;2;0
172;Gary Harris;SG;29;ORL;17;3;21.6;2.7;6.1;0.447;1.5;4.2;0.361;1.2;1.8;0.645;0.573;1.1;1.4;0.792;0.5;1.4;1.9;1.8;0.9;0.2;0.5;1.5;8.1
173;Joe Harris;SG;32;DET;8;0;12.6;1.1;3.3;0.346;0.8;2.4;0.316;0.4;0.9;0.429;0.462;0;0;0;0.3;0.6;0.9;0.8;0.3;0.1;0.4;1.5;3
174;Tobias Harris;PF;31;PHI;21;21;35.1;6.6;12.9;0.511;1;3;0.313;5.6;9.8;0.573;0.548;3.1;3.5;0.89;1;5.1;6.1;2.6;1;0.3;1.9;1.7;17.2
175;Shaquille Harrison;SG;30;MEM;3;0;2;0.3;0.7;0.5;0;0;0;0.3;0.7;0.5;0.5;0;0;0;0;0.7;0.7;0;0;0.3;0;0;0.7
176;Josh Hart;SF;28;NYK;21;5;28.5;3.3;6.9;0.476;1.1;3;0.371;2.2;4;0.554;0.555;0.5;0.7;0.733;1;5;6.1;2.7;1;0.3;1;1.9;8.2
177;Isaiah Hartenstein;C;25;NYK;21;0;17.6;2.1;3.8;0.563;0;0.1;0.333;2.1;3.7;0.571;0.569;1;1.5;0.656;2.6;3;5.6;1.2;0.9;0.6;0.8;2.7;5.3
178;Sam Hauser;SF;26;BOS;21;2;22.8;3.2;7;0.459;2.7;6.2;0.435;0.5;0.8;0.647;0.652;0.4;0.5;0.8;0.9;2.7;3.6;0.9;0.5;0.4;0.6;1.5;9.6
179;Jordan Hawkins;SG;21;NOP;22;9;27.1;4;10.4;0.389;2.5;7;0.366;1.5;3.5;0.434;0.511;1.8;2.1;0.87;0.7;3;3.7;1.7;0.5;0;1;2;12.5
180;Jaxson Hayes;C;23;LAL;20;0;11.2;1.3;1.9;0.658;0;0.2;0;1.3;1.7;0.735;0.658;0.6;1.1;0.545;0.4;1.3;1.7;0.4;0.3;0.5;0.7;2;3.1
181;Killian Hayes;PG;22;DET;21;17;27.1;4;9.1;0.438;0.9;2.8;0.31;3.1;6.4;0.493;0.484;1.1;1.6;0.676;0.4;2.7;3.1;4.3;1.1;0.7;1;2;10
182;Gordon Hayward;SF;33;CHO;19;19;32.6;5.8;12.8;0.457;0.9;2.6;0.367;4.9;10.2;0.479;0.494;2.6;3.4;0.766;1.2;3.7;4.9;4.5;1.3;0.5;2.1;1.8;15.2
183;Scoot Henderson;PG;19;POR;12;5;25.6;3.6;10.7;0.336;0.8;4.2;0.18;2.8;6.5;0.436;0.371;1.3;2;0.667;0.9;1.8;2.7;4.1;0.5;0.1;3.3;4.2;9.3
184;Taylor Hendricks;PF;20;UTA;4;0;14;1.5;4;0.375;0.8;2.5;0.3;0.8;1.5;0.5;0.469;0.3;0.5;0.5;0.5;0.8;1.3;0;0.8;0.8;0.8;1;4
185;Tyler Herro;SG;24;MIA;8;8;34;8.5;19;0.447;3.1;7.6;0.41;5.4;11.4;0.473;0.53;2.8;3.1;0.88;0.4;4.6;5;4.6;1.4;0;2.5;1.6;22.9
186;Buddy Hield;SF;31;IND;20;8;25.5;5;11;0.45;2.9;7.4;0.388;2.1;3.7;0.575;0.58;0.6;0.7;0.846;0.8;2.5;3.3;2.7;0.9;0.6;1.5;2.1;13.3
187;Haywood Highsmith;PF;27;MIA;15;14;22.3;2.3;5.5;0.427;1.1;3.3;0.327;1.3;2.2;0.576;0.524;0.7;0.9;0.846;0.6;2.1;2.7;1.5;1.1;0.7;1;2.1;6.5
188;Nate Hinton;SG;24;HOU;4;0;4;0.8;1.5;0.5;0.8;0.8;1;0;0.8;0;0.75;0;0;0;0.3;0.5;0.8;0;0;0;0;0.5;2.3
189;D'Moi Hodge;SG;25;LAL;6;0;5.5;0.5;2;0.25;0.3;1.7;0.2;0.2;0.3;0.5;0.333;0.2;0.3;0.5;0;0;0;0.3;0.2;0.2;0.2;0.7;1.5
190;Aaron Holiday;PG;27;HOU;17;1;18.5;2.9;5.7;0.505;1.3;2.8;0.458;1.6;2.9;0.551;0.619;0.4;0.5;0.75;0.2;1.8;2;2.1;0.5;0.1;0.5;1.9;7.4
191;Jrue Holiday;PG;33;BOS;19;19;34.7;4.7;10.9;0.433;1.7;4.5;0.372;3.1;6.4;0.475;0.51;1.3;1.5;0.828;1.7;5.4;7.1;5.1;0.7;0.9;2.1;1.6;12.4
192;Justin Holiday;SG;34;DEN;13;4;13.8;1.8;3;0.59;1.1;2.1;0.519;0.7;0.9;0.75;0.769;0;0;0;0.2;1.4;1.6;1.1;0.5;0;0.2;1.2;4.6
193;Richaun Holmes;C;30;DAL;11;1;10.5;1.2;2.3;0.52;0;0;0;1.2;2.3;0.52;0.52;0.5;1.1;0.417;1.4;2.2;3.5;0.5;0.1;0.5;0.6;1.5;2.8
194;Chet Holmgren;C;21;OKC;21;21;30;6;11.7;0.518;1.6;4.2;0.371;4.5;7.4;0.603;0.586;3.4;3.9;0.878;1.7;6.1;7.8;2.5;0.9;2.4;2;2.9;17.1
195;Jalen Hood-Schifino;SG;20;LAL;5;0;10.4;0.8;3.6;0.222;0.2;1.6;0.125;0.6;2;0.3;0.25;1;2;0.5;0.2;1;1.2;0.8;0;0.2;0.8;1.4;2.8
196;Al Horford;C;37;BOS;19;8;26.6;2.9;6;0.491;1.4;3.7;0.366;1.6;2.3;0.698;0.605;0.4;0.4;1;1.6;5.2;6.8;2.8;0.5;1;1.1;1.8;7.7
197;Talen Horton-Tucker;PG;23;UTA;22;8;22;3.6;9.2;0.389;1.3;3.9;0.329;2.3;5.4;0.432;0.458;1.1;1.4;0.833;0.5;2.3;2.8;4.3;0.9;0.5;1.9;2.1;9.6
198;Danuel House Jr.;SF;30;PHI;10;0;12.7;1.3;3.1;0.419;0.4;1.6;0.25;0.9;1.5;0.6;0.484;0.8;1;0.8;0.4;1;1.4;0.8;0.5;0.1;0.9;1;3.8
199;Caleb Houstan;SF;21;ORL;14;0;9.4;0.9;2.1;0.448;0.9;1.9;0.444;0.1;0.1;0.5;0.655;0.3;0.3;1;0.2;1.2;1.4;0.4;0.1;0;0.2;0.8;3
200;Jett Howard;SF;20;ORL;6;0;4.7;0.5;2;0.25;0.2;1.5;0.111;0.3;0.5;0.667;0.292;0.2;0.3;0.5;0.2;0.3;0.5;0.5;0;0;0.3;0.2;1.3
201;Kevin Huerter;SG;25;SAC;19;19;27.3;4.6;10.3;0.444;2.4;6.5;0.371;2.2;3.8;0.569;0.561;0.7;0.9;0.824;0.7;3.9;4.6;2.9;0.8;0.3;0.8;2.3;12.3
202;Jay Huff;C;25;DEN;2;0;1;0.5;0.5;1;0;0;0;0.5;0.5;1;1;0;0;0;0;0;0;0;0;0;0;0;1
203;De'Andre Hunter;SF;26;ATL;21;21;30.6;5;11.1;0.451;1.8;4.9;0.373;3.2;6.2;0.511;0.532;3;3.3;0.899;0.7;3.6;4.2;1.3;0.9;0.3;1.6;3.1;14.8
204;Bones Hyland;PG;23;LAC;12;2;16.8;3.1;7.3;0.42;1.4;4;0.354;1.7;3.3;0.5;0.517;0.8;0.8;0.9;0.2;1;1.2;2;0.6;0;1.6;1.8;8.3
205;Joe Ingles;SF;36;ORL;22;0;18.7;1.6;4;0.409;1;2.5;0.4;0.6;1.5;0.424;0.534;0.5;0.6;0.846;0.4;2.3;2.7;3.5;0.8;0.1;0.9;1.6;4.8
206;Brandon Ingram;SF;26;NOP;20;20;34.2;9;18.3;0.492;1.3;4.3;0.294;7.8;14.1;0.552;0.526;3.8;4.9;0.773;0.6;4.6;5.2;5.4;0.8;0.2;2.6;2.1;23
207;Kyrie Irving;SG;31;DAL;17;17;31.8;8.6;18.2;0.471;2.5;6.6;0.384;6.1;11.6;0.52;0.54;3.3;3.6;0.903;0.6;3.4;3.9;5.2;1.2;0.3;1.4;1.8;23
208;Jonathan Isaac;PF;26;ORL;15;0;13.4;2.1;4.9;0.438;0.5;2.3;0.229;1.6;2.5;0.632;0.493;1.5;1.9;0.793;1.2;3.3;4.5;0.3;0.9;1.3;0.7;1.4;6.3
209;Jaden Ivey;SG;21;DET;18;6;23;3.9;8.1;0.486;1;3.1;0.321;2.9;5;0.589;0.548;2.3;2.8;0.804;0.7;1.9;2.7;2.7;0.8;0.4;1.9;2.6;11.2
210;Andre Jackson Jr.;SG;22;MIL;17;3;7.7;0.8;1.3;0.636;0.4;0.6;0.545;0.5;0.6;0.727;0.773;0;0;0;0.6;0.6;1.2;0.6;0.3;0;0.5;1.4;2
211;Gregory Jackson II;PF;19;MEM;3;0;2.3;0;1.3;0;0;0.7;0;0;0.7;0;0;0;0;0;0.3;0.7;1;0;0.3;0;0.3;0;0
212;Isaiah Jackson;C;22;IND;12;0;13.1;2;3.4;0.585;0;0.1;0;2;3.3;0.6;0.585;1.4;2;0.708;1.4;2.8;4.3;0.8;0.5;1.6;0.5;2.8;5.4
213;Jaren Jackson Jr.;C;24;MEM;21;21;30.9;6.8;15.7;0.43;1.5;4.9;0.304;5.3;10.9;0.487;0.477;4.9;5.9;0.829;1.7;4.2;5.9;1.8;0.6;1.8;1.9;3.5;19.9
214;Reggie Jackson;PG;33;DEN;23;13;26.4;5.3;10.7;0.496;1.7;4.1;0.404;3.7;6.6;0.553;0.573;1;1.5;0.676;0.4;2;2.4;4.5;0.7;0.3;1.6;2;13.3
215;Trayce Jackson-Davis;PF;23;GSW;13;0;7.8;0.9;1.7;0.545;0;0;0;0.9;1.7;0.545;0.545;1.2;1.9;0.6;0.8;0.9;1.8;0.5;0.2;0.5;0.5;1.4;3
216;LeBron James;PF;39;LAL;22;22;33.4;9.3;16.8;0.553;2.3;5.6;0.407;7;11.2;0.626;0.621;4.1;5.8;0.717;0.9;6.6;7.5;6.6;1.5;0.7;3.4;1.1;25
217;Jaime Jaquez Jr.;SF;22;MIA;22;4;27.3;5;9.5;0.522;1.1;3;0.373;3.8;6.5;0.592;0.581;1.1;1.4;0.806;1.1;2.5;3.6;2.5;1;0.2;1.5;2.3;12.2
218;DaQuan Jeffries;SG;26;NYK;7;0;2.7;0.4;1.1;0.375;0.1;0.6;0.25;0.3;0.6;0.5;0.438;0;0.3;0;0;0.4;0.4;0.1;0;0;0.1;0.1;1
219;Ty Jerome;SG;26;CLE;2;0;7.5;1;2;0.5;0;0.5;0;1;1.5;0.667;0.5;0;0;0;0.5;0;0.5;1.5;0;0;0.5;1;2
220;Isaiah Joe;SG;24;OKC;21;0;20.6;3.2;7.2;0.444;2.5;5.7;0.442;0.7;1.5;0.452;0.619;1.1;1.3;0.852;0.1;2.3;2.4;1.1;0.9;0.3;0.5;1.2;10
221;Cameron Johnson;PF;27;BRK;14;14;29;5.4;11.9;0.458;2.4;6.3;0.375;3.1;5.6;0.551;0.557;1.4;1.7;0.833;1.9;3.9;5.9;2.7;0.8;0.1;1.3;1.9;14.6
222;Jalen Johnson;SF;22;ATL;15;12;29.9;5.7;9.5;0.594;1.1;2.7;0.425;4.5;6.9;0.66;0.654;1.7;2.2;0.758;1.3;5.9;7.3;2.4;1.1;1;2;2.2;14.1
223;Keldon Johnson;SF;24;SAS;20;20;32.9;6.3;13.2;0.479;2.1;5.6;0.378;4.2;7.6;0.553;0.559;2.3;3.1;0.738;1.1;5.4;6.5;4.1;0.8;0.4;1.4;2.6;17
224;Keyontae Johnson;SF;23;OKC;1;0;6;0;1;0;0;0;0;0;1;0;0;0;0;0;0;0;0;0;0;0;0;0;0
225;Nikola Joki?;C;28;DEN;22;22;34.2;11.1;20.8;0.535;1.3;4.2;0.304;9.9;16.6;0.593;0.566;4.8;6.2;0.774;3.5;9.5;13;9.6;1.1;0.8;3;2.6;28.4
226;Colby Jones;SG;21;SAC;9;0;7.8;1.4;3.1;0.464;0.1;0.9;0.125;1.3;2.2;0.6;0.482;0.2;0.3;0.667;0.7;0.9;1.6;0.2;0.2;0.1;0.4;1;3.2
227;Damian Jones;C;28;CLE;11;0;4.9;0.4;0.7;0.5;0;0;0;0.4;0.7;0.5;0.5;0.1;0.2;0.5;0.4;0.6;1;0.3;0.1;0.2;0.4;0.4;0.8
228;Derrick Jones Jr.;SF;26;DAL;21;20;24.2;3.7;7.4;0.497;1.7;4.3;0.396;2;3;0.641;0.613;1.1;1.5;0.719;1.2;2.6;3.9;1;0.7;0.8;1;1.7;10.1
229;Herbert Jones;SF;25;NOP;20;20;31.1;4.2;8.2;0.512;1.2;3.5;0.343;3;4.7;0.638;0.585;2.7;3.1;0.885;1.2;3.2;4.4;2.8;1.8;1.3;1.6;3.5;12.3
230;Tre Jones;PG;24;SAS;18;0;24.3;3.1;7.1;0.438;0.7;2.2;0.3;2.4;4.9;0.5;0.484;1.3;1.5;0.889;0.6;2.4;3;5.3;0.8;0.2;1.4;1.3;8.2
231;Tyus Jones;PG;27;WAS;21;21;27;4.9;9.5;0.51;1.1;3.1;0.354;3.8;6.4;0.585;0.568;0.6;0.8;0.765;0.3;2.5;2.8;5;1;0.2;0.7;0.9;11.4
232;DeAndre Jordan;C;35;DEN;8;1;13.8;2.3;3.8;0.6;0;0;0;2.3;3.8;0.6;0.6;0.8;2.6;0.286;1.5;3;4.5;1.1;0.4;0.3;1;1.5;5.3
233;Cory Joseph;PG;32;GSW;11;0;11;0.6;2.5;0.25;0.4;1.7;0.211;0.3;0.8;0.333;0.321;0.4;0.6;0.571;0.2;0.7;0.9;2.2;0.3;0.1;0.5;0.9;2
234;Nikola Jovi?;PF;20;MIA;4;1;12;1;3;0.333;0.8;1.8;0.429;0.3;1.3;0.2;0.458;0.8;1;0.75;0.3;5.5;5.8;2.3;0.3;0;1.3;2.3;3.5
235;Luke Kennard;SG;27;MEM;8;0;21.5;2.6;7.3;0.362;2.1;5.8;0.37;0.5;1.5;0.333;0.509;0.9;0.9;1;0.4;2.5;2.9;2;0.6;0.1;0.6;0.5;8.3
236;Walker Kessler;C;22;UTA;15;9;25.1;4;7.3;0.55;0.1;0.7;0.182;3.9;6.5;0.592;0.56;0.7;1.3;0.579;3.3;4.9;8.2;0.8;0.4;2.4;1.3;2.3;8.9
237;Braxton Key;SF;26;DEN;6;0;2.5;0.2;0.8;0.2;0;0.3;0;0.2;0.5;0.333;0.2;0.2;0.3;0.5;0;0.5;0.5;0.8;0;0;0;0.5;0.5
238;Corey Kispert;SF;24;WAS;20;1;22.9;3.7;8.3;0.446;2;5.3;0.377;1.7;3;0.567;0.566;1.6;2;0.795;0.5;2.1;2.6;1.6;0.5;0.1;0.9;1.8;11
239;Maxi Kleber;C;32;DAL;5;1;18;0.8;3.2;0.25;0.6;1.8;0.333;0.2;1.4;0.143;0.344;1.2;2;0.6;0.8;3.4;4.2;2;0.2;0.2;0.8;1.6;3.4
240;Kevin Knox;SF;24;DET;7;2;18.6;3;5.9;0.512;1.3;3;0.429;1.7;2.9;0.6;0.622;0.3;0.4;0.667;0.7;2.4;3.1;0.4;0.6;0.1;1;1.7;7.6
241;John Konchar;SF;27;MEM;17;2;17.8;1.2;3.4;0.368;0.6;1.9;0.333;0.6;1.4;0.417;0.465;0.2;0.4;0.667;1.1;3;4.1;1.4;0.7;0.7;0.4;1;3.4
242;Furkan Korkmaz;SG;26;PHI;14;0;7.4;0.8;2.1;0.367;0.3;1.1;0.267;0.5;1.1;0.467;0.433;0.4;0.5;0.714;0.1;0.5;0.6;0.4;0.6;0;0.4;0.5;2.2
243;Luke Kornet;C;28;BOS;16;0;13.2;1.9;2.5;0.775;0;0;0;1.9;2.5;0.775;0.775;0.5;0.6;0.8;1.4;1.9;3.3;0.6;0.5;0.8;0.4;1.2;4.4
244;Jonathan Kuminga;PF;21;GSW;21;1;20.1;4.3;9.2;0.469;0.7;2.4;0.28;3.7;6.9;0.535;0.505;2.4;3.5;0.685;1;2.4;3.3;1;0.6;0.3;1.4;2.4;11.7
245;Kyle Kuzma;PF;28;WAS;21;21;31.3;9;19;0.473;2.2;6.3;0.356;6.8;12.8;0.53;0.531;2.7;3.3;0.812;0.9;4.9;5.8;4.6;0.3;0.6;2.4;2;22.9
246;Jock Landale;C;28;HOU;13;0;8.7;0.7;2;0.346;0.2;0.8;0.2;0.5;1.2;0.438;0.385;0.3;0.3;1;0.7;1.1;1.8;0.6;0.3;0.2;0.6;0.7;1.8
247;Jake LaRavia;PF;22;MEM;5;0;12.2;1.4;4;0.35;0.4;2.4;0.167;1;1.6;0.625;0.4;0.2;0.4;0.5;0.6;1;1.6;0.4;0.2;0;0.4;1.6;3.4
248;Zach LaVine;SG;28;CHI;18;18;35.3;7.3;16.6;0.443;2.4;7.1;0.336;4.9;9.4;0.524;0.515;3.9;4.6;0.866;0.3;4.6;4.9;3.4;0.9;0.2;2;2.1;21
249;A.J. Lawson;SG;23;DAL;4;0;9;1.8;4;0.438;0.8;2.5;0.3;1;1.5;0.667;0.531;0.5;1;0.5;0.3;0.5;0.8;0.5;0;0.3;0;0.5;4.8
250;Saben Lee;PG;24;PHO;4;0;2.8;1;1.8;0.571;0;0.3;0;1;1.5;0.667;0.571;0.5;0.5;1;0.5;0.3;0.8;0.8;0;0.3;0;0.3;2.5
251;Alex Len;C;30;SAC;6;0;6.8;1;1.3;0.75;0;0.2;0;1;1.2;0.857;0.75;0.5;1.2;0.429;1.2;1.5;2.7;0.8;0.2;0.8;0.3;0.3;2.5
252;Kawhi Leonard;SF;32;LAC;21;21;34.7;8.4;17.3;0.488;2.3;5.5;0.417;6.1;11.8;0.52;0.554;3.3;4;0.843;1;4.9;5.9;3.6;1.5;0.7;1.6;1.6;22.5
253;Caris LeVert;SG;29;CLE;16;1;30.4;5.4;13.3;0.408;1.7;5.4;0.31;3.8;7.9;0.476;0.472;2.3;3.1;0.74;0.4;3.3;3.7;3.6;1;0.4;1.4;1.8;14.9
254;Kira Lewis Jr.;PG;22;NOP;12;0;10.7;1.3;3.8;0.326;0.2;1.3;0.125;1.1;2.5;0.433;0.348;0.7;0.8;0.889;0.3;0.6;0.8;1.5;0.4;0.1;0.5;0.7;3.3
255;Maxwell Lewis;SF;21;LAL;11;0;4.7;0.1;0.8;0.111;0.1;0.3;0.333;0;0.5;0;0.167;0;0;0;0.1;0.2;0.3;0.3;0.2;0;0.5;0.2;0.3
256;E.J. Liddell;PF;23;NOP;3;0;3;0.3;1.3;0.25;0;1;0;0.3;0.3;1;0.25;0.7;0.7;1;0;0.7;0.7;0;0;0.3;0.3;0.3;1.3
257;Damian Lillard;PG;33;MIL;20;20;35.3;7.4;17.1;0.431;3;8.4;0.357;4.4;8.7;0.503;0.519;7.9;8.5;0.924;0.7;3.9;4.6;7;1.1;0.2;2.8;1.6;25.6
258;Nassir Little;PF;23;PHO;16;0;14.3;1.8;3.8;0.483;0.7;2.1;0.333;1.1;1.7;0.667;0.575;0.9;1;0.875;0.5;1.6;2.1;0.7;0.6;0.5;0.4;1.2;5.2
259;Dereck Lively II;C;19;DAL;19;18;25.2;3.9;5.4;0.735;0;0.1;0;3.9;5.3;0.75;0.735;0.8;1.4;0.593;2.8;4.9;7.7;1.3;0.6;1.6;1.1;3.2;8.7
260;Isaiah Livers;PF;25;DET;8;1;20.8;2;6.3;0.32;1.3;4.3;0.294;0.8;2;0.375;0.42;0.6;0.9;0.714;0.5;1.5;2;1.1;0.1;0;1.3;1.8;5.9
261;Chris Livingston;SF;20;MIL;3;0;4;0.7;1;0.667;0.3;0.3;1;0.3;0.7;0.5;0.833;0;0;0;0.3;0.3;0.7;0.3;0.3;0;0.3;0;1.7
262;Kenneth Lofton Jr.;PF;21;MEM;15;0;6.6;0.9;2.5;0.378;0.2;0.7;0.3;0.7;1.8;0.407;0.419;0.5;1;0.533;0.1;0.9;1;0.9;0.2;0.2;0.4;1;2.6
263;Kevon Looney;C;27;GSW;22;19;22.5;2.4;4.1;0.578;0;0;0;2.4;4.1;0.578;0.578;1;1.5;0.688;2.8;5.6;8.4;2.6;0.7;0.3;1;2.6;5.7
264;Brook Lopez;C;35;MIL;22;22;30.3;5.1;10.2;0.5;1.9;5.3;0.353;3.2;4.9;0.657;0.592;1.4;1.8;0.775;1.4;3.7;5.1;1.5;0.9;2.8;0.9;2.5;13.5
265;Robin Lopez;C;35;MIL;4;0;3;0;0.3;0;0;0.3;0;0;0;0;0;0.5;0.5;1;0;0;0;0.3;0;0;0.3;0.5;0.5
266;Kevin Love;PF;35;MIA;16;4;18.2;2.5;6.2;0.404;1.6;4.5;0.347;0.9;1.7;0.556;0.53;1.7;2;0.844;1;5.6;6.6;2.6;0.2;0.1;0.6;2;8.3
267;Kyle Lowry;PG;37;MIA;21;21;29.4;3.1;7.1;0.44;2.1;4.9;0.427;1;2.2;0.468;0.587;1;1.2;0.88;0.8;3.3;4.1;4.3;1.2;0.3;1.4;2.7;9.4
268;Trey Lyles;PF;28;SAC;7;0;19.4;2.3;6.1;0.372;1.1;4.3;0.267;1.1;1.9;0.615;0.465;1.6;2.4;0.647;1.1;4.1;5.3;1.6;0;0.1;1;2.3;7.3
269;Théo Maledon;PG;22;CHO;13;1;15.4;1.5;5.1;0.288;0.4;2.3;0.167;1.1;2.8;0.389;0.326;0.8;0.9;0.917;0.3;1.5;1.8;2.2;0.5;0;1.2;1.4;4.2
270;Sandro Mamukelashvili;C;24;SAS;7;0;7.9;0.9;2.1;0.4;0.3;1;0.286;0.6;1.1;0.5;0.467;0.7;0.9;0.833;0.9;1;1.9;1.1;0.3;0.1;0.4;1.1;2.7
271;Terance Mann;SG;27;LAC;15;11;26.4;2.7;6.1;0.435;0.5;2.7;0.2;2.1;3.5;0.615;0.478;0.5;1;0.533;1.1;2.6;3.7;1.9;0.8;0.4;0.7;2;6.4
272;Tre Mann;PG;22;OKC;7;0;10.1;2;3.7;0.538;0.7;1.7;0.417;1.3;2;0.643;0.635;0.1;0.1;1;0.4;1.7;2.1;1.7;0.4;0;0.9;0.1;4.9
273;Boban Marjanovi?;C;35;HOU;3;0;6.7;1.7;3;0.556;0;0.3;0;1.7;2.7;0.625;0.556;0;0.3;0;0.7;2;2.7;1;0;0.3;0;0.7;3.3
274;Lauri Markkanen;PF;26;UTA;15;15;34.1;8.1;16.8;0.484;3.3;8.5;0.383;4.9;8.3;0.589;0.581;4.2;5;0.84;2.4;6.3;8.7;1.1;1.1;0.9;1.3;2.3;23.7
275;Naji Marshall;SF;26;NOP;14;0;20.6;2.7;5.9;0.458;1.1;2.7;0.421;1.6;3.2;0.489;0.554;2;2.4;0.848;1.4;3.2;4.6;2.1;0.8;0.3;1.3;1.4;8.6
276;Caleb Martin;SF;28;MIA;12;2;24.6;4.6;10.6;0.433;1.4;4.1;0.347;3.2;6.5;0.487;0.5;0.9;1.4;0.647;1.1;3;4.1;2;0.8;0.3;1.1;2.1;11.5
277;KJ Martin;SF;23;TOT;11;0;7.7;0.7;2;0.364;0.1;0.5;0.167;0.6;1.5;0.438;0.386;0.3;0.5;0.5;0.3;0.8;1.1;0.4;0.5;0.1;0.5;1.3;1.8
277;KJ Martin;SF;23;LAC;2;0;15.5;2;5;0.4;0.5;2.5;0.2;1.5;2.5;0.6;0.45;0.5;1;0.5;0.5;1;1.5;0.5;1;0.5;1;1.5;5
277;KJ Martin;SF;23;PHI;9;0;6;0.4;1.3;0.333;0;0.1;0;0.4;1.2;0.364;0.333;0.2;0.4;0.5;0.2;0.8;1;0.3;0.3;0;0.3;1.2;1.1
278;Garrison Mathews;SG;27;ATL;9;0;6.3;0.4;1.3;0.333;0.4;1.3;0.333;0;0;0;0.5;0;0;0;0.2;0.8;1;0.1;0.2;0;0.2;0.8;1.3
279;Bennedict Mathurin;SF;21;IND;20;12;24.7;4.8;10.9;0.436;1.2;3.4;0.358;3.6;7.6;0.47;0.491;2.3;2.9;0.789;1.2;2.8;3.9;1.9;0.6;0.2;1.4;2;13
280;Wesley Matthews;SG;37;ATL;11;0;10.5;0.5;1.9;0.286;0.5;1.6;0.278;0.1;0.3;0.333;0.405;1;1.4;0.733;0.2;0.8;1;0.6;0.4;0.1;0.2;1.3;2.5
281;Tyrese Maxey;PG;23;PHI;20;20;38.4;9.4;20.1;0.465;3.3;8.2;0.399;6.1;12;0.51;0.546;5.2;5.8;0.896;0.6;3.7;4.3;6.7;0.9;0.7;1.4;2;27.1
282;Skylar Mays;PG;26;POR;14;5;19.5;3.1;7.6;0.406;0.9;2.9;0.293;2.2;4.6;0.477;0.462;0.8;0.9;0.846;0.3;1.4;1.7;4.5;0.8;0.1;1.1;1.4;7.8
283;Miles McBride;PG;23;NYK;13;0;4.3;0.7;1.4;0.5;0.4;1.1;0.357;0.3;0.3;1;0.639;0.1;0.2;0.5;0.1;0.2;0.2;0.2;0.3;0;0;0.5;1.8
284;CJ McCollum;PG;32;NOP;10;10;33.3;7;16.2;0.432;2.7;7.5;0.36;4.3;8.7;0.494;0.515;2.8;3.6;0.778;0.8;3.4;4.2;5.6;1.7;0.9;1.4;2.2;19.5
285;T.J. McConnell;PG;31;IND;14;0;14.3;3.3;5.9;0.561;0.1;0.4;0.167;3.2;5.4;0.592;0.567;0.8;1.1;0.688;0.6;1.8;2.4;4.2;0.9;0.1;1;1.1;7.4
286;Jaden McDaniels;SF;23;MIN;11;11;23.6;4.2;7.2;0.582;1;2.6;0.379;3.2;4.5;0.7;0.652;0.2;0.2;1;0.6;1.5;2.2;1.3;0.5;0.4;1;3.3;9.5
287;Jalen McDaniels;SF;26;TOR;15;0;9.2;0.9;3.1;0.283;0.3;1.5;0.182;0.6;1.6;0.375;0.326;0.1;0.1;1;0.3;0.9;1.2;0.6;0.3;0.2;0.4;0.9;2.1
288;Doug McDermott;SF;32;SAS;19;0;16.8;2.3;4.9;0.473;1.8;3.7;0.479;0.5;1.2;0.455;0.656;0.3;0.4;0.75;0.2;1.1;1.2;1.8;0.3;0.1;0.7;1.3;6.7
289;JaVale McGee;C;36;SAC;18;0;9.3;2.2;3.3;0.678;0;0.1;0;2.2;3.2;0.69;0.678;0.6;1.1;0.579;1.3;2.2;3.5;0.4;0.3;0.6;0.9;1.2;5.1
290;Bryce McGowens;SG;21;CHO;15;1;15.1;1.5;3.1;0.468;0.9;2;0.467;0.5;1.1;0.471;0.617;0.5;0.7;0.8;0.3;1.5;1.7;0.9;0.4;0.1;0.5;1.4;4.4
291;Jordan McLaughlin;PG;27;MIN;5;0;3.8;0.2;0.8;0.25;0.2;0.4;0.5;0;0.4;0;0.375;0.4;0.4;1;0;0;0;1;0;0.4;0;0.4;1
292;De'Anthony Melton;SG;25;PHI;21;21;30.3;4.3;10.6;0.405;2.4;6;0.394;1.9;4.5;0.421;0.518;2.3;2.9;0.8;0.8;3.4;4.1;3.8;1.3;0.5;1.4;2.5;13.2
293;Sam Merrill;SG;27;CLE;11;0;7.7;1;2.7;0.367;1;2.5;0.407;0;0.3;0;0.55;0;0;0;0.3;0.5;0.8;0.6;0.2;0;0.2;0.7;3
294;Chimezie Metu;C;26;PHO;12;0;8.4;1.3;2.6;0.484;0.3;1.1;0.231;1;1.5;0.667;0.532;0.4;0.5;0.833;0.2;1.4;1.6;0.4;0.3;0.4;0.3;1.2;3.2
295;Vasilije Mici?;PG;30;OKC;8;0;12.3;1.1;3;0.375;0.6;1.8;0.357;0.5;1.3;0.4;0.479;0.5;0.8;0.667;0;0.5;0.5;2.8;0.1;0;1.3;0.8;3.4
296;Khris Middleton;SF;32;MIL;18;18;21.6;4.7;10.1;0.47;1.4;3.8;0.377;3.3;6.2;0.527;0.541;1.5;1.9;0.794;0.8;3.6;4.3;4.1;0.8;0.1;1.8;1.8;12.4
297;Brandon Miller;SF;21;CHO;18;12;31.7;5.5;12.3;0.448;1.9;4.7;0.405;3.6;7.6;0.474;0.525;1.7;2.1;0.811;1.1;3.1;4.2;2.2;0.6;0.6;1.4;2.9;14.6
298;Jordan Miller;SF;24;LAC;2;0;3.5;1;1.5;0.667;0.5;0.5;1;0.5;1;0.5;0.833;0;0;0;0;0;0;0;0;0;0;1;2.5
299;Leonard Miller;SF;20;MIN;3;0;2;0.3;0.7;0.5;0;0;0;0.3;0.7;0.5;0.5;0;0;0;0;2;2;0.3;0;0;0;0.3;0.7
300;Dariq Whitehead;SF;19;BRK;1;0;3;0;0;0;0;0;0;0;0;0;0;1;2;0.5;0;0;0;0;0;1;0;0;1
301;Patty Mills;PG;35;ATL;2;0;11;1;3;0.333;1;2;0.5;0;1;0;0.5;0;0;0;0;1;1;1;0.5;0.5;0.5;1;3
302;Shake Milton;SG;27;MIN;21;0;16.3;2;5.1;0.38;0.5;2;0.256;1.4;3.1;0.462;0.431;1.4;1.8;0.811;0.2;1.7;1.9;1.4;0.7;0.1;1;1.5;5.9
303;Justin Minaya;SF;24;POR;6;0;6.3;0.3;1;0.333;0.3;0.7;0.5;0;0.3;0;0.5;0.2;0.3;0.5;0.7;0.2;0.8;0;0;0.2;0.2;0.3;1.2
304;Josh Minott;SF;21;MIN;9;0;2.6;0.7;1.3;0.5;0;0.6;0;0.7;0.8;0.857;0.5;0.2;0.4;0.5;0.1;0.2;0.3;0.1;0;0.1;0;0.4;1.6
305;Davion Mitchell;PG;25;SAC;15;3;15.9;1.7;4.6;0.362;0.8;2.7;0.293;0.9;1.9;0.464;0.449;0.6;0.6;1;0.1;1.1;1.1;2.5;0.3;0.1;0.9;1.5;4.7
306;Donovan Mitchell;SG;27;CLE;17;17;35.6;9.5;20.9;0.455;3;8.4;0.357;6.5;12.5;0.521;0.527;5.5;6.4;0.87;1.1;4.8;5.9;5.3;1.9;0.4;2.8;1.9;27.6
307;Evan Mobley;PF;22;CLE;21;21;33.6;6.8;11.8;0.573;0.1;0.5;0.2;6.7;11.3;0.588;0.577;2.4;3.1;0.769;2.7;7.8;10.5;2.9;0.8;1.7;2.3;2.9;16
308;Isaiah Mobley;PF;24;CLE;2;0;5;0.5;1.5;0.333;0;0.5;0;0.5;1;0.5;0.333;0;0;0;0;1;1;1.5;0.5;0;0.5;1;1
309;Malik Monk;SG;25;SAC;20;0;25.1;4.7;11;0.429;2.7;6.3;0.424;2.1;4.7;0.436;0.55;2.7;3;0.898;0.6;2.3;2.9;4.7;0.8;0.5;2.3;1.7;14.7
310;Moses Moody;SG;21;GSW;22;4;19;3.1;6.5;0.479;1.1;3.3;0.347;2;3.3;0.611;0.566;1.1;1.5;0.75;1.3;2.2;3.5;1;0.8;0.3;0.6;1.5;8.5
311;Wendell Moore Jr.;SG;22;MIN;2;0;2.5;0;1;0;0;1;0;0;0;0;0;0;0;0;0;0;0;0.5;0;0;0;0;0
312;Marcus Morris;PF;34;PHI;14;3;12.6;1.8;4;0.446;0.9;1.8;0.48;0.9;2.2;0.419;0.554;0.4;0.4;1;0.4;1.8;2.2;0.5;0.3;0.4;0.4;1.6;4.8
313;Markieff Morris;PF;34;DAL;5;0;7.2;1;3.4;0.294;0.6;2;0.3;0.4;1.4;0.286;0.382;0;0;0;0.4;0.8;1.2;0.4;0;0;0.6;0.6;2.6
314;Trey Murphy III;SF;23;NOP;3;0;24.7;6;13;0.462;3;8.3;0.36;3;4.7;0.643;0.577;1;1.3;0.75;0.3;2.3;2.7;1;0.3;0.7;0;0.7;16
315;Dejounte Murray;SG;27;ATL;21;21;34.1;7.6;16.8;0.452;2.2;5.8;0.385;5.3;11;0.487;0.518;2.6;3;0.873;0.7;3.7;4.4;5.5;1.7;0.2;2.3;1.4;20
316;Jamal Murray;PG;26;DEN;10;10;29.9;6.2;14.6;0.425;2.3;5.5;0.418;3.9;9.1;0.429;0.503;2.7;3;0.9;0.3;2.6;2.9;6.7;0.3;0.6;1.8;2.1;17.4
317;Keegan Murray;SF;23;SAC;16;16;32.1;4.9;12.4;0.394;2.1;7.1;0.298;2.8;5.3;0.524;0.48;1.1;1.3;0.85;1.6;4.2;5.8;1.8;1.2;0.5;1.2;2.6;12.9
318;Kris Murray;SF;23;POR;12;0;10.7;0.8;2.5;0.333;0.5;1.6;0.316;0.3;0.9;0.364;0.433;0.3;0.4;0.6;0.4;1.1;1.5;0.3;0.7;0.1;0.1;0.8;2.4
319;Mike Muscala;C;32;WAS;9;1;11.4;1.3;2.8;0.48;0.6;1.6;0.357;0.8;1.2;0.636;0.58;0.7;0.7;1;0.2;1.9;2.1;0.9;0.2;0.3;0.9;0.9;3.9
320;Svi Mykhailiuk;SF;26;BOS;8;0;7.4;0.8;2.1;0.353;0.5;1.8;0.286;0.3;0.4;0.667;0.471;0;0;0;0.1;0.5;0.6;0.1;0.4;0;0.5;0.5;2
321;Larry Nance Jr.;C;31;NOP;14;0;15.1;1.5;3;0.5;0.2;0.8;0.273;1.3;2.2;0.581;0.536;0.3;0.6;0.5;1.3;2.9;4.1;0.7;0.6;0.3;0.9;1.4;3.5
322;Andrew Nembhard;PG;24;IND;17;2;18.1;3.1;6.7;0.456;0.5;2.2;0.243;2.5;4.5;0.558;0.496;0.4;0.5;0.667;0.5;1.2;1.7;4.1;0.9;0.1;1.3;1.9;7
323;Aaron Nesmith;SF;24;IND;18;1;24.3;4;7.4;0.541;1.7;3.9;0.443;2.3;3.5;0.651;0.658;1.3;1.9;0.657;0.8;2.2;3.1;1;0.9;0.6;0.6;3.4;11
324;Georges Niang;PF;30;CLE;22;1;22.5;3.2;7.5;0.428;1.6;4.5;0.367;1.6;3.1;0.515;0.536;0.5;0.6;0.923;0.4;3.6;4;1.3;0.3;0.1;0.7;2.3;8.6
325;Daishen Nix;PG;21;MIN;5;0;4;0.6;1.6;0.375;0.4;1;0.4;0.2;0.6;0.333;0.5;0;0;0;0;0.2;0.2;0;0.2;0;0;0;1.6
326;Zeke Nnaji;PF;23;DEN;19;0;10.5;1.3;2.7;0.49;0.2;0.4;0.429;1.2;2.3;0.5;0.52;0.9;1.5;0.607;1.2;1.1;2.3;0.4;0.2;0.5;0.5;1.4;3.7
327;Jaylen Nowell;SG;24;MEM;7;1;20;3.1;7.1;0.44;0.6;2.9;0.2;2.6;4.3;0.6;0.48;0.4;0.4;1;0.4;1.6;2;1.9;0.4;0;0.4;1.7;7.3
328;Markquis Nowell;SG;24;TOR;1;0;4;0;1;0;0;0;0;0;1;0;0;2;2;1;2;0;2;2;1;0;0;0;2
329;Jusuf Nurki?;C;29;PHO;22;22;28;4.4;9.4;0.466;0.7;2.5;0.278;3.7;6.9;0.533;0.502;2.4;3.5;0.697;2.7;6.4;9.1;3.8;1;1.2;2.1;3.6;11.8
330;Jordan Nwora;SF;25;IND;5;0;14.6;2.8;6.8;0.412;0.8;3;0.267;2;3.8;0.526;0.471;0.6;0.8;0.75;1.2;1.8;3;1.2;0.8;0.2;1.4;1.6;7
331;Royce O'Neale;SF;30;BRK;20;5;29.1;2.8;7.4;0.381;2.5;6.2;0.395;0.4;1.2;0.304;0.548;0.3;0.5;0.5;0.8;4.7;5.5;3.5;0.8;0.9;0.9;3;8.3
332;Chuma Okeke;SF;25;ORL;10;0;5;0.5;1.4;0.357;0.3;1;0.3;0.2;0.4;0.5;0.464;0;0;0;0.3;0.8;1.1;0.3;0.1;0;0.3;0;1.3
333;Josh Okogie;SG;25;PHO;22;10;21.8;1.9;4.7;0.404;0.5;2.1;0.234;1.4;2.6;0.544;0.457;2;2.6;0.776;1.7;1.8;3.5;1.1;1;0.5;0.9;1.4;6.4
334;Onyeka Okongwu;C;23;ATL;21;0;23;3.1;5.7;0.546;0.2;1.2;0.2;2.9;4.5;0.638;0.567;2;2.4;0.84;2.6;4.2;6.8;1.5;0.5;0.8;0.8;2.9;8.4
335;Isaac Okoro;SF;23;CLE;13;5;24.5;2.7;5.5;0.486;0.7;1.9;0.36;2;3.6;0.553;0.549;0.9;1.3;0.706;1.1;2.2;3.2;1.5;1.1;0.5;0.8;2.4;7
336;Kelly Olynyk;C;32;UTA;20;1;20.9;2.7;4.6;0.593;0.9;1.8;0.486;1.9;2.8;0.661;0.687;1.7;1.9;0.892;1.8;3.7;5.5;3.7;0.9;0.2;1.9;2.9;7.9
337;Eugene Omoruyi;SF;26;WAS;12;0;6.6;2;3.2;0.632;0.4;1;0.417;1.6;2.2;0.731;0.697;1.1;1.4;0.765;0.8;1.1;1.8;0.7;0.4;0.1;0.6;0.9;5.5
338;Cedi Osman;SF;28;SAS;21;1;19.6;3;6.7;0.454;1.4;3.8;0.375;1.6;2.9;0.557;0.56;0.5;0.8;0.688;0.5;1.8;2.3;1.7;0.5;0.2;0.6;1.7;8
339;Kelly Oubre Jr.;SF;28;PHI;10;5;27.5;5.6;11.1;0.505;1.6;4.4;0.364;4;6.7;0.597;0.577;2.5;3.3;0.758;1.4;3.3;4.7;0.7;1.3;0.4;0.8;2.1;15.3
340;Chris Paul;PG;38;GSW;19;7;26.5;3.1;7.7;0.395;1.1;3.5;0.318;1.9;4.3;0.457;0.466;1.4;1.5;0.929;0.3;3.3;3.6;7.2;1.4;0.1;1.2;1.6;8.6
341;Cameron Payne;PG;29;MIL;22;2;17;2.5;5.2;0.482;1.3;2.9;0.438;1.2;2.3;0.54;0.605;0.4;0.4;1;0;1.4;1.4;2.3;0.4;0.1;0.9;2;6.6
342;Gary Payton II;SG;31;GSW;14;0;17.3;2.4;5.1;0.479;0.6;2;0.321;1.8;3.1;0.581;0.542;0.4;0.6;0.667;1.1;2.1;3.1;0.9;1.2;0.3;0.6;1.9;5.9
343;Filip Petrušev;C;23;TOT;3;0;3.3;0.3;0.7;0.5;0;0;0;0.3;0.7;0.5;0.5;0.3;0.7;0.5;0;0.3;0.3;0;0;0;0;0.3;1
343;Filip Petrušev;C;23;PHI;1;0;3;0;0;0;0;0;0;0;0;0;0;0;0;0;0;1;1;0;0;0;0;0;0
343;Filip Petrušev;C;23;SAC;2;0;3.5;0.5;1;0.5;0;0;0;0.5;1;0.5;0.5;0.5;1;0.5;0;0;0;0;0;0;0;0.5;1.5
344;Julian Phillips;SF;20;CHI;12;0;4.9;0.4;1.3;0.313;0;0.6;0;0.4;0.8;0.556;0.313;0.1;0.3;0.25;0.2;0.6;0.8;0.4;0.1;0;0.1;0.7;0.9
345;Jalen Pickett;SG;24;DEN;11;0;6.7;0.8;1.8;0.45;0.5;1.3;0.357;0.4;0.5;0.667;0.575;0.2;0.2;1;0.1;0.8;0.9;0.6;0.3;0;0.5;0.6;2.3
346;Mason Plumlee;C;33;LAC;6;0;17;2;3.2;0.632;0;0;0;2;3.2;0.632;0.632;1;2.3;0.429;1.3;4.2;5.5;1;0.7;0.2;0.8;1;5
347;Brandin Podziemski;SG;20;GSW;16;0;19.2;2.8;6.1;0.454;1.1;2.4;0.436;1.7;3.6;0.466;0.541;0.8;1.1;0.667;1.2;3.3;4.4;2.3;0.5;0.1;1;1.7;7.3
348;Jakob Poeltl;C;28;TOR;22;22;26.7;5;6.8;0.733;0;0;0;5;6.8;0.733;0.733;0.8;1.7;0.459;2.8;5.6;8.4;2.2;0.8;1.1;1.5;2.7;10.8
349;Aleksej Pokusevski;PF;22;OKC;6;0;5.7;0.3;1.5;0.222;0.2;1;0.167;0.2;0.5;0.333;0.278;0.2;0.3;0.5;0.3;0.8;1.2;0.8;0;0.2;0.5;0.8;1
350;Jordan Poole;SG;24;WAS;20;20;29.2;6.1;15;0.405;1.9;6.3;0.294;4.2;8.7;0.486;0.467;3.1;3.6;0.859;0.5;2.2;2.7;3.4;1.1;0.4;2.9;3.2;17
351;Craig Porter Jr.;PG;23;CLE;14;1;14.3;2.9;5.2;0.548;0.2;0.5;0.429;2.6;4.7;0.561;0.568;1.3;1.9;0.692;0.2;1.6;1.9;2.4;0.6;0.4;1;1.1;7.2
352;Michael Porter Jr.;SF;25;DEN;23;23;32;6.8;13.7;0.494;3;7.4;0.398;3.8;6.3;0.607;0.601;1;1.4;0.75;1.7;6.4;8.1;1.6;0.5;0.9;1.3;2.3;17.6
353;Otto Porter Jr.;SF;30;TOR;11;1;11.8;0.9;2.4;0.385;0.6;1.7;0.368;0.3;0.6;0.429;0.519;0.1;0.1;1;0.5;1.6;2.2;0.3;0.4;0.4;0.2;1.1;2.5
354;Bobby Portis;PF;28;MIL;22;0;23.6;4.5;9.5;0.476;0.7;2.5;0.291;3.8;7;0.542;0.514;1.2;1.6;0.771;1.5;5.1;6.5;1.2;0.8;0.6;0.9;2.4;11
355;Kristaps Porzi??is;C;28;BOS;16;16;30.2;6.6;12;0.547;1.7;5;0.338;4.9;7;0.696;0.617;4.3;5.3;0.81;1.4;5;6.4;1.8;0.8;1.6;1.3;3.3;19.1
356;Dwight Powell;C;32;DAL;19;1;14.4;1.3;1.7;0.727;0.1;0.1;1;1.2;1.7;0.719;0.742;1.7;2.1;0.8;1.2;1.8;3;1.5;0.5;0.4;0.4;1.8;4.3
357;Norman Powell;SG;30;LAC;21;0;24.3;4;8.6;0.47;1.8;4.1;0.437;2.2;4.5;0.5;0.575;2.2;2.6;0.836;0.2;1.8;2;1;0.7;0.4;1;1.9;12.1
358;Taurean Prince;PF;29;LAL;21;21;29.4;3.3;7.8;0.421;1.6;4.5;0.358;1.7;3.3;0.507;0.524;0.6;0.9;0.722;0.3;2.2;2.5;1.4;0.8;0.4;0.8;2.2;8.8
359;Payton Pritchard;PG;26;BOS;21;0;20.4;2.2;5.9;0.379;1.2;3.8;0.316;1;2.1;0.489;0.48;0.5;0.6;0.769;1;2.2;3.1;2.9;0.3;0;0.5;1;6.1
360;Olivier-Maxence Prosper;PF;21;DAL;11;0;8.4;0.5;1.9;0.286;0.2;1.2;0.154;0.4;0.7;0.5;0.333;0.8;1.3;0.643;0.4;1.1;1.5;0.5;0.1;0;0;0.5;2.1
361;Neemias Queta;C;24;BOS;3;0;10.3;1.3;3.3;0.4;0;0;0;1.3;3.3;0.4;0.4;1.3;1.7;0.8;2.7;3;5.7;0;0.3;0;0.7;0.7;4
362;Immanuel Quickley;SG;24;NYK;21;0;24.2;5;11.7;0.427;2;5.6;0.364;3;6.1;0.484;0.514;3;3.3;0.9;0.2;2.7;2.9;2.8;0.4;0.1;1.1;1.6;15
363;Lester Quinones;SG;23;GSW;2;0;4.5;1;3;0.333;0.5;2;0.25;0.5;1;0.5;0.417;0;0;0;0;0;0;0;0;0;0.5;0.5;2.5
364;Julius Randle;PF;29;NYK;21;21;35;7.5;17.3;0.431;1.7;5.6;0.308;5.8;11.8;0.49;0.481;4.7;6.5;0.723;2.1;7.6;9.7;5.4;0.7;0.2;3.3;2.6;21.4
365;Duop Reath;C;27;POR;13;3;15.1;2.5;6.2;0.413;1.4;4.1;0.34;1.2;2.1;0.556;0.525;1.1;1.2;0.875;0.8;1.7;2.5;1.2;0.6;0.3;0.7;2;7.5
366;Austin Reaves;SG;25;LAL;23;8;29.1;4.9;10.4;0.467;1.4;4.2;0.33;3.5;6.2;0.559;0.533;3;3.5;0.863;0.9;3.8;4.7;4.7;1;0.1;2.4;1.4;14.1
367;Cam Reddish;SF;24;LAL;19;12;24.1;2.4;5.8;0.409;0.8;2.7;0.314;1.5;3.1;0.492;0.482;1.5;1.8;0.853;0.6;2.2;2.8;1.2;1.4;0.3;0.6;1.7;7.1
368;Paul Reed;C;24;PHI;21;1;14.1;2.3;3.9;0.585;0.2;0.5;0.4;2.1;3.4;0.611;0.61;0.3;0.4;0.75;1.7;2.5;4.2;1;0.5;0.6;0.9;2.1;5
369;Naz Reid;C;24;MIN;21;0;21.9;4.8;9.7;0.498;1.6;4.4;0.359;3.2;5.3;0.613;0.579;1.4;1.5;0.906;1;3.4;4.5;0.8;0.7;0.6;1.1;1.5;12.6
370;Jared Rhoden;SG;24;DET;5;0;6;1;1.8;0.556;0.2;0.8;0.25;0.8;1;0.8;0.611;0.4;0.4;1;0.2;0.6;0.8;0.6;0;0;0.4;0.8;2.6
371;Nick Richards;C;26;CHO;14;1;18.2;2.9;4;0.732;0;0;0;2.9;4;0.732;0.732;2.6;3.1;0.818;1.9;4.4;6.2;0.4;0.4;1.2;1.1;2.7;8.4
372;Josh Richardson;SG;30;MIA;19;4;27.9;3.9;8.5;0.463;1.4;4.3;0.329;2.5;4.2;0.6;0.546;1.4;1.5;0.897;0.5;2.1;2.6;3;0.6;0.3;1.2;1.9;10.7
373;Duncan Robinson;SF;29;MIA;20;12;29.4;5.2;10.9;0.472;2.9;7;0.417;2.3;4;0.57;0.606;1.1;1.4;0.815;0.3;2.3;2.6;2.9;0.4;0.2;1.2;2.6;14.3
374;Jerome Robinson;SG;26;GSW;1;0;5;0;2;0;0;0;0;0;2;0;0;0;0;0;1;1;2;0;0;0;0;0;0
375;Mitchell Robinson;C;25;NYK;21;21;29.2;2.8;4.7;0.592;0;0;0;2.8;4.7;0.592;0.592;0.7;1.8;0.368;5.3;5;10.3;0.7;1.5;1.3;1;1.9;6.2
376;Orlando Robinson;C;23;MIA;8;3;18.6;3.1;5.4;0.581;0.8;0.9;0.857;2.4;4.5;0.528;0.651;0.9;1;0.875;1.5;4;5.5;2.4;0.6;0.6;1;2.1;7.9
377;Jeremiah Robinson-Earl;PF;23;NOP;9;1;11.6;1.4;3;0.481;0.7;1.2;0.545;0.8;1.8;0.438;0.593;0.7;0.7;1;0.9;1.8;2.7;0.7;0.2;0;0.7;1;4.2
378;David Roddy;PF;22;MEM;21;6;23.7;3.4;7.7;0.438;1;3.2;0.309;2.4;4.5;0.532;0.503;0.6;0.9;0.684;1;3.2;4.2;1;0.7;0.4;1;1.5;8.4
379;Ryan Rollins;PG;21;WAS;8;0;6.1;1.1;2.3;0.5;0.1;0.3;0.5;1;2;0.5;0.528;1.6;2;0.813;0.3;1;1.3;1.3;1;0.3;0.9;0.8;4
380;Derrick Rose;PG;35;MEM;12;4;18.9;3.6;8.1;0.443;0.7;1.9;0.348;2.9;6.2;0.473;0.485;1.1;1.3;0.867;0.5;1.3;1.8;3.3;0.6;0.1;1.5;1.1;8.9
381;Terry Rozier;SG;29;CHO;11;11;36.7;8.5;18.6;0.459;2.1;6.4;0.329;6.5;12.3;0.526;0.515;3.5;4.1;0.844;0.5;3.1;3.6;7.2;0.9;0.5;2.5;2;22.6
382;Rayan Rupert;SG;19;POR;7;0;4.4;0.1;1.7;0.083;0.1;0.9;0.167;0;0.9;0;0.125;0.3;0.6;0.5;0.1;0;0.1;0.3;0.3;0;0.3;0.1;0.7
383;D'Angelo Russell;PG;27;LAL;23;23;30.2;6.3;13;0.483;2.2;5.5;0.405;4;7.5;0.541;0.569;1.9;2.4;0.782;0.4;2.9;3.3;6.3;0.8;0.5;1.8;2;16.6
384;Matt Ryan;SF;26;NOP;13;1;22.9;2.9;6.4;0.458;2.5;5.2;0.471;0.5;1.2;0.4;0.651;1;1.1;0.929;0.4;1.9;2.3;1.1;0.4;0.1;1.2;1.8;9.3
385;Domantas Sabonis;C;27;SAC;20;20;35.3;7.1;12.4;0.575;0.5;1.3;0.4;6.6;11.1;0.595;0.595;4.1;6;0.683;3.5;8.7;12.2;7;0.9;0.8;3;3.6;18.8
386;Luka Šamani?;PF;24;UTA;10;0;6.2;1;2.9;0.345;0.3;1.3;0.231;0.7;1.6;0.438;0.397;0.1;0.1;1;0.3;1.4;1.7;0.2;0.1;0.2;0.4;0.5;2.4
387;Jermaine Samuels;SF;25;HOU;5;0;5.8;0.4;0.8;0.5;0;0.4;0;0.4;0.4;1;0.5;0.4;0.4;1;0.2;1.2;1.4;0.4;0;0.2;0;0.6;1.2
388;Gui Santos;PF;21;GSW;2;0;6;1;2;0.5;0;0.5;0;1;1.5;0.667;0.5;0;0;0;1;1;2;0.5;0;0;1;1;2
389;Dario Šari?;C;29;GSW;22;4;21.6;3.7;8.1;0.455;1.6;4.3;0.383;2;3.8;0.536;0.556;1.7;2.1;0.826;1.7;4.4;6.1;2.4;0.7;0.3;1.3;2.4;10.7
390;Olivier Sarr;C;24;OKC;5;0;10.8;0.6;1.2;0.5;0.4;0.6;0.667;0.2;0.6;0.333;0.667;0.8;1.2;0.667;0.8;3.2;4;0.2;0;1;0.4;2;2.4
391;Marcus Sasser;PG;23;DET;22;0;17.4;3;6.6;0.459;1.2;3.1;0.391;1.8;3.5;0.519;0.551;0.4;0.4;1;0.1;1.7;1.8;2.7;0.6;0.1;0.7;1.4;7.7
392;Admiral Schofield;PF;26;ORL;6;0;3.7;0.5;1.5;0.333;0.2;1;0.167;0.3;0.5;0.667;0.389;0;0.3;0;0;0.5;0.5;0.2;0;0;0.5;0.8;1.2
393;Dennis Schröder;PG;30;TOR;22;22;31.6;5.5;13.1;0.417;1.7;5;0.333;3.8;8;0.469;0.481;2.5;3;0.862;0.5;2.5;3;6.8;0.9;0.1;1.8;2.2;15.1
394;Dereon Seabron;SG;23;NOP;5;0;10.4;0.8;2.6;0.308;0.2;0.4;0.5;0.6;2.2;0.273;0.346;1;1.2;0.833;0.2;1.2;1.4;0.8;0.4;0.2;0;0.8;2.8
395;Alperen Þengün;C;21;HOU;19;19;32.9;8.5;15.7;0.542;0.8;2.6;0.3;7.7;13.1;0.59;0.567;2.9;4.6;0.644;2.5;6.5;9.1;5.7;0.9;0.8;2.5;3.2;20.8
396;Brice Sensabaugh;SF;20;UTA;1;0;2;0;2;0;0;0;0;0;2;0;0;0;0;0;1;1;2;0;0;0;0;0;0
397;Collin Sexton;SG;25;UTA;22;0;20.5;4.1;9.3;0.441;1.1;3.3;0.329;3;6;0.504;0.5;3;3.5;0.882;0.8;1.8;2.6;3.3;0.5;0.2;2;1.7;12.3
398;Landry Shamet;SG;26;WAS;15;0;16.9;3.2;6.7;0.475;1.6;4;0.4;1.6;2.7;0.585;0.594;0.3;0.7;0.455;0.1;1.3;1.4;1.5;0.6;0.1;0.6;2.1;8.3
399;Day'Ron Sharpe;C;22;BRK;21;0;16;2.8;5;0.567;0;0.2;0;2.8;4.8;0.59;0.567;1.4;2.2;0.617;2.5;4.3;6.8;0.9;0.4;0.8;1.1;2.3;7
400;Shaedon Sharpe;SG;20;POR;21;20;37;6.4;15;0.424;2.2;6.1;0.359;4.2;9;0.468;0.497;3.4;4.1;0.828;1.5;4.3;5.8;3.5;1;0.4;2.9;3;18.4
401;Ben Sheppard;SG;22;IND;9;0;6.4;1;2.4;0.409;0.6;1.7;0.333;0.4;0.8;0.571;0.523;0.2;0.2;1;0.1;0.4;0.6;0.6;0.1;0;0.1;0.7;2.8
402;Pascal Siakam;PF;29;TOR;22;22;34.3;7.9;16;0.496;0.8;3.8;0.205;7.1;12.2;0.586;0.52;4.1;5.3;0.769;1.6;5.3;6.9;5;0.7;0.2;2.5;2.2;20.7
403;Ben Simmons;PG;27;BRK;6;6;31.8;3.2;6;0.528;0;0;0;3.2;6;0.528;0.528;0.2;0.7;0.25;2.7;8.2;10.8;6.7;0.5;0.8;2.5;2.7;6.5
404;Anfernee Simons;SG;24;POR;3;3;33.7;8.7;20.7;0.419;4;9.7;0.414;4.7;11;0.424;0.516;4;4;1;1.3;1.3;2.7;5.3;1;0;2.3;3;25.3
405;Jericho Sims;C;25;NYK;9;0;2.8;0.2;0.3;0.667;0;0;0;0.2;0.3;0.667;0.667;0.1;0.3;0.333;0.1;1;1.1;0.1;0;0;0.1;0.1;0.6
406;Jalen Slawson;SF;24;SAC;4;0;4.3;0.5;0.8;0.667;0;0.3;0;0.5;0.5;1;0.667;0;0;0;0;1;1;0.5;0;0.3;0.3;0.3;1
407;Marcus Smart;PG;29;MEM;11;11;29.9;4.6;10.8;0.429;1.6;5.5;0.295;3;5.3;0.569;0.504;1.5;1.9;0.81;0.3;2.2;2.5;5;2;0.4;3.4;3.2;12.5
408;Dennis Smith Jr.;PG;26;BRK;13;0;17.6;2.6;6.2;0.425;0.5;1.7;0.318;2.1;4.5;0.466;0.469;0.9;1.1;0.857;0.8;2.2;3;3.5;0.8;0.2;0.9;2.2;6.7
409;Dru Smith;SG;26;MIA;9;0;14.6;1.7;3.7;0.455;0.8;1.9;0.412;0.9;1.8;0.5;0.561;0.2;0.2;1;0.7;0.9;1.6;1.6;1;0.3;0.6;1.3;4.3
410;Ish Smith;PG;35;CHO;14;0;15.6;1.5;2.5;0.6;0.1;0.1;0.5;1.4;2.4;0.606;0.614;0;0;0;0.3;1.4;1.7;2.5;0.4;0.1;1.3;1.1;3.1
411;Jabari Smith Jr.;PF;20;HOU;19;19;30.1;5;10.1;0.497;1.6;4.4;0.357;3.4;5.6;0.607;0.576;1.1;1.5;0.75;1.7;6.7;8.5;1.6;0.6;0.7;1.4;3.1;12.7
412;Jalen Smith;C;23;IND;14;0;15.4;3.8;5.4;0.707;1;1.5;0.667;2.8;3.9;0.722;0.8;1.4;1.9;0.741;1.4;4.1;5.5;0.9;0.4;0.3;1.1;2.1;10
413;Nick Smith Jr.;SG;19;CHO;8;0;7.1;1.5;3.1;0.48;1;1.5;0.667;0.5;1.6;0.308;0.64;0;0;0;0.3;0.4;0.6;0.3;0.1;0.3;0.3;0.6;4
414;Jeremy Sochan;PG;20;SAS;21;20;28.9;4.3;9.8;0.437;0.9;2.2;0.391;3.4;7.6;0.45;0.481;1.6;2;0.791;1.4;3.7;5.1;4.2;0.7;0.3;2.5;2.9;11
415;Jaden Springer;SG;21;PHI;11;0;11.5;1.2;3.4;0.351;0.3;1.1;0.25;0.9;2.3;0.4;0.392;0.5;0.7;0.75;1.1;0.9;2;0.9;0.5;0.5;1.1;1.6;3.2
416;Lamar Stevens;PF;26;BOS;6;0;3.3;0.7;1.2;0.571;0.2;0.2;1;0.5;1;0.5;0.643;0;0;0;0.7;0.3;1;0.3;0.2;0.2;0.5;0.7;1.5
417;Isaiah Stewart;PF;22;DET;22;22;31;4;8.9;0.446;1.5;4;0.368;2.5;4.9;0.509;0.528;1.3;1.6;0.806;1.9;5.2;7.1;1.4;0.3;0.6;1.7;2.5;10.7
418;Julian Strawther;SF;21;DEN;20;0;12.2;1.7;4.6;0.374;1;3.1;0.311;0.8;1.5;0.5;0.478;0.4;0.5;0.7;0.1;1.1;1.2;1;0.3;0.3;0.2;1.7;4.7
419;Max Strus;SF;27;CLE;22;22;35;5.2;12.1;0.429;2.9;7.8;0.372;2.3;4.3;0.532;0.549;1;1.3;0.821;0.8;4.8;5.5;4;1;0.6;1.5;2.8;14.3
420;Jalen Suggs;SG;22;ORL;20;20;26;4.2;9.4;0.449;1.6;4.3;0.365;2.7;5.1;0.52;0.532;2.2;2.7;0.815;0.7;2.8;3.5;2.7;1.9;0.6;2.1;2.9;12.2
421;Cole Swider;SF;24;MIA;3;0;9.7;2;4.7;0.429;1.3;3.7;0.364;0.7;1;0.667;0.571;0;0;0;0;0.3;0.3;1;0.3;0.3;0.3;0.3;5.3
422;Jae'Sean Tate;SF;28;HOU;18;0;17.9;2.2;4.3;0.5;0.7;1.9;0.353;1.5;2.4;0.614;0.577;0.4;0.6;0.8;0.9;2.6;3.5;1.1;0.9;0.3;0.4;2.6;5.4
423;Jayson Tatum;PF;25;BOS;21;21;36.7;9.6;19.4;0.496;3;8.6;0.356;6.6;10.8;0.608;0.575;5.2;6.6;0.79;0.7;8;8.7;4.2;1.1;0.3;3.2;2.2;27.5
424;Terry Taylor;PF;24;CHI;5;0;2.4;0.2;0.2;1;0;0;0;0.2;0.2;1;1;0;0;0;0;0.2;0.2;0;0.2;0;0;0;0.4
425;Garrett Temple;SG;37;TOR;5;0;3.2;0.8;1;0.8;0.2;0.2;1;0.6;0.8;0.75;0.9;0.4;0.4;1;0;0.4;0.4;0.4;0.2;0;0;0;2.2
426;Dalen Terry;SG;21;CHI;7;0;3.7;0.4;1.3;0.333;0.1;0.6;0.25;0.3;0.7;0.4;0.389;0;0.3;0;0.3;1.1;1.4;0.6;0;0.1;0.1;0.3;1
427;Daniel Theis;C;31;TOT;11;0;16.7;3.1;6.7;0.459;0.5;1.2;0.385;2.6;5.5;0.475;0.493;0.5;0.9;0.5;2;2.5;4.5;1.1;0.3;1;0.6;2.5;7.1
427;Daniel Theis;C;31;IND;1;0;8;1;4;0.25;0;1;0;1;3;0.333;0.25;0;0;0;0;0;0;0;0;0;0;1;2
427;Daniel Theis;C;31;LAC;10;0;17.6;3.3;7;0.471;0.5;1.2;0.417;2.8;5.8;0.483;0.507;0.5;1;0.5;2.2;2.7;4.9;1.2;0.3;1.1;0.7;2.7;7.6
428;Cam Thomas;SG;22;BRK;12;10;31.5;8.9;19.8;0.45;2.1;6.1;0.342;6.8;13.8;0.497;0.502;3.8;4.5;0.833;0.2;3.3;3.5;2.3;0.7;0.6;1.7;2;23.7
429;Amen Thompson;SF;21;HOU;4;0;16.8;2.3;5.5;0.409;0.5;2.8;0.182;1.8;2.8;0.636;0.455;1.3;2;0.625;0.3;2.5;2.8;1.5;0.5;0.3;1.5;2.3;6.3
430;Ausar Thompson;SF;21;DET;22;18;27.3;4.2;9.6;0.441;0.3;2.1;0.13;4;7.5;0.527;0.455;1.4;2;0.689;3;5.5;8.5;2.5;1;1.3;2;3.5;10.1
431;Klay Thompson;SF;33;GSW;21;21;30.1;5.4;13.4;0.404;2.8;7.8;0.354;2.7;5.6;0.475;0.507;2.2;2.5;0.885;0.6;3.3;3.9;2.1;0.4;0.6;2;2.3;15.8
432;Tristan Thompson;PF;32;CLE;17;0;9.1;1;1.5;0.68;0;0;0;1;1.5;0.68;0.68;0.4;1;0.412;1.1;1.4;2.5;0.6;0.1;0.4;0.5;0.8;2.4
433;JT Thor;PF;21;CHO;17;1;16.5;1.5;3.6;0.419;0.7;1.9;0.364;0.8;1.7;0.483;0.516;0;0.2;0;0.8;2.1;2.9;0.6;0.2;0.3;0.2;1.2;3.8
434;Matisse Thybulle;SF;26;POR;21;10;23.7;2.3;4.9;0.471;1.6;3.8;0.413;0.7;1;0.682;0.632;0.3;0.4;0.75;0.4;1.5;1.9;1.1;1.6;0.8;0.8;1.1;6.4
435;Xavier Tillman Sr.;C;25;MEM;11;5;21.6;3.3;7.8;0.419;0.7;2.5;0.296;2.5;5.4;0.475;0.465;0.5;1.1;0.417;1.5;3.2;4.7;1.8;1.5;0.8;1;1.9;7.7
436;Jacob Toppin;SF;23;NYK;1;0;2;0;0;0;0;0;0;0;0;0;0;0;0;0;0;0;0;0;0;1;0;0;0
437;Obi Toppin;PF;25;IND;20;19;24.8;5.2;8.5;0.612;1.3;3.4;0.368;4;5.1;0.775;0.685;1.4;1.7;0.794;1;2.2;3.2;1.4;0.7;0.6;0.8;2;13
438;Karl-Anthony Towns;PF;28;MIN;21;21;33.2;7.9;15.5;0.509;2.1;5;0.429;5.8;10.5;0.548;0.578;3.9;4.3;0.901;1.1;7.8;9;3.1;0.9;0.7;3;3.4;21.9
439;Gary Trent Jr.;SG;25;TOR;19;2;25.5;3.9;10.1;0.387;1.8;5.2;0.357;2.1;4.9;0.419;0.479;1;1.7;0.594;0.2;1.8;2;1.4;0.7;0.1;0.6;1.1;10.6
440;P.J. Tucker;PF;38;TOT;15;3;15.9;0.4;1.3;0.316;0.3;1.1;0.313;0.1;0.2;0.333;0.447;0.2;0.2;1;1.1;1.8;2.9;0.5;0.6;0.2;0.3;2.3;1.3
440;P.J. Tucker;PF;38;PHI;3;3;22;0.7;1.7;0.4;0.7;1.7;0.4;0;0;0;0.6;0;0;0;0.3;4.3;4.7;0;1;0.7;0.7;3;2
440;P.J. Tucker;PF;38;LAC;12;0;14.4;0.3;1.2;0.286;0.3;0.9;0.273;0.1;0.3;0.333;0.393;0.3;0.3;1;1.3;1.2;2.4;0.7;0.5;0.1;0.2;2.2;1.2
441;Myles Turner;C;27;IND;20;20;27.5;6.3;12.4;0.506;1.5;4.5;0.322;4.8;7.9;0.611;0.565;3.2;4.1;0.778;1.8;6.3;8;1.4;0.7;2.1;1.4;3.3;17.1
442;Hunter Tyson;PF;23;DEN;7;0;2.6;0.1;0.6;0.25;0;0.4;0;0.1;0.1;1;0.25;0;0;0;0;0.6;0.6;0.1;0;0;0;0.7;0.3
443;Stanley Umude;SG;24;DET;15;0;10.3;1.3;2.9;0.455;0.9;1.8;0.519;0.4;1.1;0.353;0.614;1.4;1.5;0.913;0.2;1.7;1.9;0.5;0.3;0.3;0.7;1.6;5
444;Jonas Valan?i?nas;C;31;NOP;23;23;26.7;5.4;9.7;0.558;0.7;1.9;0.364;4.7;7.8;0.606;0.594;2.4;2.9;0.821;2.3;6.5;8.8;2.3;0.4;1.3;1.2;3.2;14
445;Jarred Vanderbilt;PF;24;LAL;3;0;14.3;0.3;2;0.167;0;1.3;0;0.3;0.7;0.5;0.167;0.3;0.7;0.5;1.7;3.3;5;1.3;0.3;0.3;0.3;1;1
446;Fred VanVleet;PG;29;HOU;18;18;37.8;5.5;14.3;0.384;3.1;8.2;0.381;2.4;6.2;0.387;0.492;2.6;3;0.87;0.3;3.8;4.1;8.7;0.8;0.5;1.6;1.8;16.7
447;Devin Vassell;SG;23;SAS;16;10;28.7;6.6;13.6;0.484;2.7;6.9;0.391;3.9;6.7;0.579;0.583;2.3;2.9;0.783;0.4;2.8;3.1;2.8;1;0.1;1.5;1.1;18.1
448;Sasha Vezenkov;PF;28;SAC;17;0;14.4;2.4;5.3;0.444;1.3;3.4;0.386;1.1;1.9;0.545;0.567;0.4;0.5;0.75;0.6;1.8;2.4;0.4;0.5;0.3;0.4;1.2;6.4
449;Gabe Vincent;PG;27;LAL;4;0;28.3;2.8;7;0.393;0.3;3.5;0.071;2.5;3.5;0.714;0.411;0.3;0.5;0.5;0.5;0.5;1;3;1.5;0;0.5;2.5;6
450;Nikola Vu?evi?;C;33;CHI;23;23;34.3;6.8;15.1;0.451;0.9;3.4;0.253;6;11.7;0.509;0.48;1.5;1.8;0.854;3;7.3;10.3;3.2;0.8;0.7;1.7;2.7;16
451;Dean Wade;PF;27;CLE;15;8;20.2;1.2;3.4;0.353;1;3.1;0.319;0.2;0.3;0.75;0.5;0.1;0.3;0.5;1.1;3.2;4.3;0.7;0.9;0.2;0.4;2.1;3.5
452;Franz Wagner;SF;22;ORL;22;22;33.1;7.6;16.5;0.462;1.6;5;0.318;6;11.5;0.524;0.51;3.8;4.5;0.84;1.2;4.4;5.6;3.7;1.1;0.4;1.7;2;20.7
453;Moritz Wagner;C;26;ORL;22;0;19.4;4.9;7.7;0.633;0.6;1.6;0.361;4.3;6;0.707;0.672;2.2;2.8;0.787;1.5;2.8;4.3;1.2;0.5;0.4;1.5;2.4;12.5
454;Ish Wainright;SF;29;POR;2;0;2.5;0;0.5;0;0;0.5;0;0;0;0;0;0;0;0;0;0;0;0;0.5;0;0;0.5;0
455;Jabari Walker;SF;21;POR;21;0;18;2.8;6.3;0.447;0.5;2;0.256;2.3;4.2;0.539;0.489;1.2;1.6;0.765;1.5;3.3;4.8;0.7;0.8;0.4;1;2.4;7.4
456;Jarace Walker;PF;20;IND;5;0;8.2;1.4;3.6;0.389;0;1;0;1.4;2.6;0.538;0.389;0.6;0.6;1;0.2;1.4;1.6;1.2;0.4;0.4;0.2;0.8;3.4
457;Lonnie Walker IV;SG;25;BRK;17;0;21.3;5.2;10.6;0.489;2.6;5.6;0.463;2.6;5;0.518;0.611;1.7;2.2;0.763;0.2;2.5;2.6;1.6;0.6;0.4;1.5;0.9;14.6
458;Cason Wallace;SG;20;OKC;21;4;22.1;2.9;4.9;0.598;1.1;2.1;0.523;1.8;2.8;0.655;0.711;0.6;0.7;0.8;0.5;1.8;2.3;1.2;0.6;0.4;0.5;1.6;7.5
459;P.J. Washington;PF;25;CHO;19;12;31.1;5.3;12.3;0.432;2;6.1;0.328;3.3;6.2;0.534;0.513;1.3;1.8;0.714;1.2;4.1;5.2;2.4;0.7;0.9;1.5;2.9;13.9
460;TyTy Washington Jr.;PG;22;MIL;2;0;3;0.5;1.5;0.333;0.5;1;0.5;0;0.5;0;0.5;0;0;0;0;0.5;0.5;0;0.5;0;1;0;1.5
461;Yuta Watanabe;SF;29;PHO;16;0;18.3;1.7;4.6;0.365;1.4;3.8;0.367;0.3;0.9;0.357;0.514;0.6;0.8;0.692;0.6;1.8;2.3;0.6;0.4;0.4;0.8;1.6;5.3
462;Lindy Waters III;SG;26;OKC;8;0;7.8;1;2.3;0.444;0.9;2.1;0.412;0.1;0.1;1;0.639;0;0;0;0.1;0.6;0.8;0.6;0;0.1;0;0.5;2.9
463;Trendon Watford;PF;23;BRK;14;0;14.5;2.8;5.4;0.52;0.4;1;0.357;2.4;4.4;0.557;0.553;0.9;1;0.929;1.1;2.5;3.6;1.8;0.5;0.2;1.1;2.1;6.9
464;Peyton Watson;SF;21;DEN;21;0;15.6;2;4;0.482;0.2;1;0.182;1.8;3;0.587;0.506;0.7;1.1;0.652;0.4;1.6;2;0.9;0.5;1;0.6;1.5;4.8
465;Victor Wembanyama;PF;20;SAS;20;20;30.3;7.1;16.4;0.43;1.3;5.1;0.255;5.8;11.3;0.509;0.47;3.6;4.4;0.818;2.4;7.8;10.2;2.6;1.3;2.7;3.3;2.5;19
466;Blake Wesley;SG;20;SAS;5;0;4.8;0.6;1.6;0.375;0;0.2;0;0.6;1.4;0.429;0.375;0.2;0.4;0.5;0.2;0.2;0.4;1;0;0.2;0.2;0.6;1.4
467;Russell Westbrook;PG;35;LAC;21;10;25.7;4.6;10.6;0.432;0.7;2.6;0.273;3.9;8;0.485;0.466;1.7;2.7;0.625;1.6;5;6.6;4.9;1.2;0.5;2.3;2.3;11.5
468;Coby White;PG;23;CHI;23;23;33.7;5.5;12.7;0.433;3;7.1;0.417;2.5;5.6;0.453;0.55;1.7;2;0.844;0.3;3.1;3.4;4.3;0.9;0.3;1.9;2.7;15.6
469;Derrick White;SG;29;BOS;18;18;32.4;4.9;10.3;0.478;2.4;5.8;0.41;2.6;4.5;0.568;0.594;3.1;3.6;0.875;0.7;3.1;3.8;5.2;1.1;0.9;1.8;2.4;15.4
470;Cam Whitmore;SF;19;HOU;5;0;6.4;1.4;3;0.467;0.2;1;0.2;1.2;2;0.6;0.5;1;2;0.5;0.2;1.4;1.6;0.4;0.2;0;0.4;0.4;4
471;Aaron Wiggins;SG;25;OKC;19;0;12.5;1.9;3.1;0.627;0.5;1.2;0.455;1.4;1.9;0.73;0.712;0.8;1.1;0.714;0.5;1.6;2.1;0.7;0.5;0.1;0.5;1.1;5.2
472;Andrew Wiggins;SF;28;GSW;20;20;27.5;4.9;11.7;0.421;0.9;3.3;0.277;4;8.4;0.476;0.459;1.9;3;0.627;1.9;2.5;4.4;1.2;0.3;0.4;2;2.5;12.6
473;Lindell Wigginton;PG;25;MIL;1;0;2;0;1;0;0;1;0;0;0;0;0;0;0;0;0;0;0;0;0;0;1;1;0
474;Grant Williams;PF;25;DAL;19;19;28.8;3.3;7.7;0.422;2.3;5.6;0.406;1;2.2;0.463;0.568;1.1;1.6;0.645;1.2;2.6;3.7;1.7;0.3;0.6;0.9;2.6;9.8
475;Jalen Williams;PF;22;OKC;18;18;33.1;6.7;13;0.517;1.1;2.9;0.365;5.7;10.1;0.56;0.558;3.4;3.9;0.873;0.3;3.9;4.2;3.7;0.9;0.3;1.8;3;17.9
476;Jaylin Williams;C;21;OKC;16;0;12.9;1.4;3.9;0.355;0.8;2.3;0.324;0.6;1.6;0.4;0.452;0.6;0.6;0.9;0.6;2.9;3.4;1.4;0.3;0.1;0.4;1.7;4.1
477;Jeenathan Williams;SG;24;HOU;4;0;5.5;1.5;2.8;0.545;0;0.5;0;1.5;2.3;0.667;0.545;0.3;0.5;0.5;0;0;0;0.5;0.3;0;0;0.5;3.3
478;Kenrich Williams;PF;29;OKC;11;0;15.8;2.2;4.2;0.522;0.9;2;0.455;1.3;2.2;0.583;0.63;0.3;0.9;0.3;0.7;2.1;2.8;1.5;0.4;0.2;0.3;2;5.5
479;Mark Williams;C;22;CHO;19;19;26.7;5.2;7.9;0.649;0;0;0;5.2;7.9;0.649;0.649;2.4;3.4;0.719;4;5.7;9.7;1.2;0.8;1.1;0.9;2.6;12.7
480;Patrick Williams;PF;22;CHI;23;13;25.3;3.2;7.3;0.432;1;3.1;0.338;2.1;4.3;0.5;0.503;1.2;1.7;0.711;1.1;3;4.2;1.3;1;1;1.2;1.6;8.6
481;Robert Williams;C;26;POR;6;0;19.8;2.8;4.3;0.654;0;0;0;2.8;4.3;0.654;0.654;1.2;1.5;0.778;1.8;4.5;6.3;0.8;1.2;1.2;1.2;2.8;6.8
482;Vince Williams Jr.;SG;23;MEM;13;0;14.8;1.3;3.2;0.415;0.8;2.5;0.333;0.5;0.6;0.75;0.549;1;1.2;0.867;0.5;2.8;3.2;1.2;0.3;0.5;0.5;1.9;4.5
483;Ziaire Williams;SF;22;MEM;19;8;20.2;2.8;7.2;0.397;1.2;3.4;0.354;1.6;3.7;0.437;0.482;1.1;1.3;0.875;0.6;3.4;4.1;1.2;0.5;0.3;1.2;1.8;8
484;Zion Williamson;PF;23;NOP;19;19;30.9;8.8;15.3;0.574;0.1;0.3;0.333;8.7;15;0.579;0.577;4.5;7.1;0.642;1.9;3.7;5.6;4.8;1.1;0.3;2.7;2.6;22.2
485;Jalen Wilson;PF;23;BRK;2;0;3.5;0;0.5;0;0;0;0;0;0.5;0;0;0;0;0;0;0.5;0.5;0;0;0.5;0;0;0
486;Dylan Windler;SF;27;NYK;3;0;2.3;0.3;0.7;0.5;0.3;0.7;0.5;0;0;0;0.75;0;0;0;0;0.3;0.3;0.3;0;0;0;0.3;1
487;James Wiseman;C;22;DET;12;0;11.3;2.2;3.3;0.65;0;0.1;0;2.2;3.3;0.667;0.65;0.7;1.3;0.533;1.1;2.1;3.2;0.3;0.1;0.4;0.8;1.8;5
488;Christian Wood;PF;28;LAL;22;1;19.7;2.4;5.4;0.445;0.6;2.4;0.264;1.8;3;0.591;0.504;1.4;2;0.689;1;4.9;5.9;0.9;0.2;0.5;1.3;1.7;6.9
489;Delon Wright;PG;31;WAS;8;0;17.6;1.4;3.8;0.367;0.5;1.4;0.364;0.9;2.4;0.368;0.433;1.8;2;0.875;0.4;2.1;2.5;4.4;1.6;0.1;0.5;0.8;5
490;Thaddeus Young;PF;35;TOR;3;0;3.3;0.7;1.3;0.5;0;0;0;0.7;1.3;0.5;0.5;0;0.7;0;0.3;0.7;1;1;0;0;0.3;0;1.3
491;Trae Young;PG;25;ATL;19;19;36.1;8.3;20.1;0.412;3.1;8.7;0.352;5.2;11.4;0.458;0.488;7.6;8.8;0.868;0.7;2.1;2.8;10.6;1.5;0.1;3.8;1.5;27.2
492;Omer Yurtseven;C;25;UTA;15;6;12.7;2.1;3.9;0.552;0.2;0.9;0.231;1.9;3;0.644;0.578;0.4;0.5;0.75;1.6;3.4;5;0.8;0.2;0.5;0.9;1.7;4.9
493;Cody Zeller;C;31;NOP;19;0;9.7;0.5;1.7;0.303;0;0.1;0;0.5;1.7;0.313;0.303;0.7;1.3;0.542;1.2;1.8;3;1;0.2;0.1;0.3;1.2;1.7
494;Ivica Zubac;C;26;LAC;21;21;26.6;5.1;8.2;0.622;0;0;0;5.1;8.2;0.622;0.622;1.8;3;0.594;3.2;6;9.1;0.9;0.2;1.5;1.2;2.8;12
